dateComponents,activeEnergyBurned,activeEnergyBurnedGoal,activeEnergyBurnedUnit,appleMoveTime,appleMoveTimeGoal,appleExerciseTime,appleExerciseTimeGoal,appleStandHours,appleStandHoursGoal
2016-01-02,565.0,320,Cal,0,0,49,30,12,12
2016-01-03,805.0,320,Cal,0,0,73,30,12,12
2016-01-04,791.0,350,Cal,0,0,73,30,14,12
2016-01-05,207.0,350,Cal,0,0,5,30,12,12
2016-01-06,617.0,350,Cal,0,0,54,30,13,12
2016-01-07,306.0,350,Cal,0,0,10,30,13,12
2016-01-08,779.0,350,Cal,0,0,73,30,13,12
2016-01-09,770.0,350,Cal,0,0,82,30,14,12
2016-01-10,677.0,350,Cal,0,0,69,30,12,12
2016-01-11,256.0,380,Cal,0,0,17,30,12,12
2016-01-12,207.0,380,Cal,0,0,8,30,12,12
2016-01-13,706.0,380,Cal,0,0,58,30,16,12
2016-01-14,877.0,380,Cal,0,0,85,30,15,12
2016-01-15,209.0,380,Cal,0,0,7,30,15,12
2016-01-16,290.0,380,Cal,0,0,15,30,14,12
2016-01-17,246.0,380,Cal,0,0,11,30,16,12
2016-01-18,263.0,380,Cal,0,0,10,30,11,12
2016-01-19,308.0,380,Cal,0,0,27,30,14,12
2016-01-20,506.0,380,Cal,0,0,55,30,13,12
2016-01-21,337.0,380,Cal,0,0,33,30,14,12
2016-01-22,261.0,380,Cal,0,0,13,30,13,12
2016-01-23,210.0,380,Cal,0,0,4,30,8,12
2016-01-24,198.0,380,Cal,0,0,9,30,10,12
2016-01-25,242.0,340,Cal,0,0,15,30,11,12
2016-01-26,605.0,340,Cal,0,0,55,30,12,12
2016-01-27,280.0,340,Cal,0,0,21,30,12,12
2016-01-28,365.0,340,Cal,0,0,33,30,15,12
2016-01-29,245.0,340,Cal,0,0,12,30,15,12
2016-01-30,686.0,340,Cal,0,0,65,30,10,12
2016-01-31,259.0,340,Cal,0,0,10,30,12,12
2016-02-01,664.0,300,Cal,0,0,53,30,13,12
2016-02-02,550.0,300,Cal,0,0,54,30,12,12
2016-02-03,261.0,300,Cal,0,0,15,30,12,12
2016-02-04,354.0,300,Cal,0,0,34,30,15,12
2016-02-05,383.0,300,Cal,0,0,33,30,16,12
2016-02-06,392.0,300,Cal,0,0,32,30,15,12
2016-02-07,284.0,300,Cal,0,0,14,30,12,12
2016-02-08,619.0,300,Cal,0,0,75,30,14,12
2016-02-09,449.0,300,Cal,0,0,54,30,14,12
2016-02-10,212.0,300,Cal,0,0,13,30,12,12
2016-02-11,767.0,300,Cal,0,0,72,30,13,12
2016-02-12,255.0,300,Cal,0,0,5,30,14,12
2016-02-13,973.0,300,Cal,0,0,102,30,12,12
2016-02-14,188.0,300,Cal,0,0,0,30,14,12
2016-02-15,278.0,300,Cal,0,0,13,30,14,12
2016-02-16,693.0,300,Cal,0,0,82,30,17,12
2016-02-17,527.0,300,Cal,0,0,48,30,12,12
2016-02-18,386.0,300,Cal,0,0,39,30,12,12
2016-02-19,309.0,300,Cal,0,0,16,30,14,12
2016-02-20,235.0,300,Cal,0,0,9,30,11,12
2016-02-21,366.0,300,Cal,0,0,22,30,17,12
2016-02-22,484.0,300,Cal,0,0,57,30,16,12
2016-02-23,578.0,300,Cal,0,0,59,30,17,12
2016-02-24,360.0,300,Cal,0,0,40,30,11,12
2016-02-25,282.0,300,Cal,0,0,22,30,12,12
2016-02-26,269.0,300,Cal,0,0,8,30,11,12
2016-02-27,293.0,300,Cal,0,0,10,30,14,12
2016-02-28,325.0,300,Cal,0,0,37,30,12,12
2016-02-29,351.0,300,Cal,0,0,42,30,13,12
2016-03-01,249.0,300,Cal,0,0,17,30,11,12
2016-03-02,351.0,300,Cal,0,0,40,30,13,12
2016-03-03,830.0,300,Cal,0,0,95,30,16,12
2016-03-04,280.0,300,Cal,0,0,15,30,12,12
2016-03-05,501.0,300,Cal,0,0,43,30,12,12
2016-03-06,362.0,300,Cal,0,0,44,30,11,12
2016-03-07,304.0,300,Cal,0,0,37,30,11,12
2016-03-08,330.0,300,Cal,0,0,33,30,14,12
2016-03-09,403.0,300,Cal,0,0,35,30,14,12
2016-03-10,270.0,300,Cal,0,0,27,30,14,12
2016-03-11,593.0,300,Cal,0,0,45,30,14,12
2016-03-12,257.0,300,Cal,0,0,6,30,15,12
2016-03-13,279.0,300,Cal,0,0,14,30,11,12
2016-03-14,368.0,300,Cal,0,0,31,30,14,12
2016-03-15,442.0,300,Cal,0,0,52,30,12,12
2016-03-16,584.0,300,Cal,0,0,65,30,13,12
2016-03-17,381.0,300,Cal,0,0,26,30,13,12
2016-03-18,442.0,300,Cal,0,0,36,30,13,12
2016-03-19,690.0,300,Cal,0,0,77,30,14,12
2016-03-20,603.0,300,Cal,0,0,77,30,12,12
2016-03-21,355.0,300,Cal,0,0,39,30,12,12
2016-03-22,502.0,300,Cal,0,0,52,30,13,12
2016-03-23,518.0,300,Cal,0,0,66,30,15,12
2016-03-24,320.0,300,Cal,0,0,34,30,12,12
2016-03-25,687.0,300,Cal,0,0,71,30,14,12
2016-03-26,456.0,300,Cal,0,0,41,30,12,12
2016-03-27,258.0,300,Cal,0,0,7,30,11,12
2016-03-28,451.0,300,Cal,0,0,50,30,15,12
2016-03-29,203.0,300,Cal,0,0,16,30,12,12
2016-03-30,233.0,300,Cal,0,0,12,30,12,12
2016-03-31,310.0,300,Cal,0,0,15,30,14,12
2016-04-01,768.0,300,Cal,0,0,82,30,14,12
2016-04-02,521.0,300,Cal,0,0,38,30,14,12
2016-04-03,262.0,300,Cal,0,0,11,30,11,12
2016-04-04,347.0,300,Cal,0,0,32,30,16,12
2016-04-05,273.0,300,Cal,0,0,21,30,13,12
2016-04-06,188.0,300,Cal,0,0,7,30,12,12
2016-04-07,529.0,300,Cal,0,0,68,30,14,12
2016-04-08,361.0,300,Cal,0,0,23,30,15,12
2016-04-09,353.0,300,Cal,0,0,10,30,15,12
2016-04-10,270.0,300,Cal,0,0,9,30,14,12
2016-04-11,565.0,300,Cal,0,0,45,30,14,12
2016-04-12,210.0,300,Cal,0,0,16,30,10,12
2016-04-13,336.0,300,Cal,0,0,29,30,14,12
2016-04-14,334.0,300,Cal,0,0,39,30,11,12
2016-04-15,242.0,300,Cal,0,0,9,30,12,12
2016-04-16,252.0,300,Cal,0,0,14,30,14,12
2016-04-17,198.0,300,Cal,0,0,2,30,12,12
2016-04-18,362.0,300,Cal,0,0,38,30,13,12
2016-04-19,430.0,300,Cal,0,0,49,30,16,12
2016-04-20,189.0,300,Cal,0,0,8,30,10,12
2016-04-21,233.0,300,Cal,0,0,17,30,12,12
2016-04-22,483.0,300,Cal,0,0,47,30,13,12
2016-04-23,228.0,300,Cal,0,0,11,30,11,12
2016-04-24,540.0,300,Cal,0,0,67,30,11,12
2016-04-25,0.0,300,Cal,0,0,0,30,0,12
2016-04-26,0.0,300,Cal,0,0,0,30,0,12
2016-04-27,145.0,300,Cal,0,0,3,30,9,12
2016-04-28,240.0,300,Cal,0,0,11,30,14,12
2016-04-29,269.0,300,Cal,0,0,9,30,14,12
2016-04-30,367.0,300,Cal,0,0,11,30,15,12
2016-05-01,294.0,300,Cal,0,0,13,30,11,12
2016-05-02,229.0,270,Cal,0,0,8,30,13,12
2016-05-03,549.0,270,Cal,0,0,51,30,16,12
2016-05-04,379.0,270,Cal,0,0,43,30,11,12
2016-05-05,238.0,270,Cal,0,0,17,30,12,12
2016-05-06,265.0,270,Cal,0,0,11,30,13,12
2016-05-07,274.0,270,Cal,0,0,9,30,15,12
2016-05-08,248.0,270,Cal,0,0,5,30,14,12
2016-05-09,245.0,240,Cal,0,0,15,30,14,12
2016-05-10,345.0,240,Cal,0,0,20,30,14,12
2016-05-11,520.0,240,Cal,0,0,53,30,15,12
2016-05-12,276.0,240,Cal,0,0,12,30,13,12
2016-05-13,577.0,240,Cal,0,0,52,30,17,12
2016-05-14,241.0,240,Cal,0,0,8,30,11,12
2016-05-15,540.0,240,Cal,0,0,45,30,16,12
2016-05-16,514.0,240,Cal,0,0,50,30,14,12
2016-05-17,296.0,240,Cal,0,0,21,30,14,12
2016-05-18,264.0,240,Cal,0,0,3,30,10,12
2016-05-19,294.0,240,Cal,0,0,13,30,13,12
2016-05-20,403.0,240,Cal,0,0,20,30,15,12
2016-05-21,406.0,240,Cal,0,0,35,30,14,12
2016-05-22,471.0,240,Cal,0,0,38,30,16,12
2016-05-23,429.0,240,Cal,0,0,31,30,16,12
2016-05-24,477.0,240,Cal,0,0,36,30,14,12
2016-05-25,304.0,240,Cal,0,0,9,30,18,12
2016-05-26,694.0,240,Cal,0,0,77,30,11,12
2016-05-27,222.0,240,Cal,0,0,5,30,11,12
2016-05-28,287.0,240,Cal,0,0,11,30,14,12
2016-05-29,323.0,240,Cal,0,0,12,30,13,12
2016-05-30,442.0,260,Cal,0,0,32,30,13,12
2016-05-31,269.0,260,Cal,0,0,7,30,14,12
2016-06-01,863.0,260,Cal,0,0,72,30,13,12
2016-06-02,801.0,260,Cal,0,0,70,30,14,12
2016-06-03,215.0,260,Cal,0,0,6,30,13,12
2016-06-04,802.0,260,Cal,0,0,72,30,15,12
2016-06-05,722.0,260,Cal,0,0,77,30,16,12
2016-06-06,330.0,280,Cal,0,0,10,30,14,12
2016-06-07,287.0,280,Cal,0,0,12,30,14,12
2016-06-08,345.0,280,Cal,0,0,11,30,15,12
2016-06-09,265.0,280,Cal,0,0,12,30,12,12
2016-06-10,261.0,280,Cal,0,0,5,30,15,12
2016-06-11,274.0,280,Cal,0,0,8,30,15,12
2016-06-12,330.0,280,Cal,0,0,14,30,13,12
2016-06-13,740.0,280,Cal,0,0,107,30,12,12
2016-06-14,415.0,280,Cal,0,0,36,30,14,12
2016-06-15,360.0,280,Cal,0,0,13,30,15,12
2016-06-16,441.0,280,Cal,0,0,24,30,15,12
2016-06-17,302.0,280,Cal,0,0,16,30,12,12
2016-06-18,797.0,280,Cal,0,0,102,30,13,12
2016-06-19,897.0,280,Cal,0,0,126,30,14,12
2016-06-20,538.0,280,Cal,0,0,68,30,11,12
2016-06-21,463.0,280,Cal,0,0,50,30,14,12
2016-06-22,836.0,280,Cal,0,0,100,30,13,12
2016-06-23,590.0,280,Cal,0,0,90,30,15,12
2016-06-24,341.0,280,Cal,0,0,32,30,11,12
2016-06-25,967.0,280,Cal,0,0,142,30,14,12
2016-06-26,536.0,280,Cal,0,0,38,30,14,12
2016-06-27,746.0,300,Cal,0,0,96,30,10,12
2016-06-28,458.0,300,Cal,0,0,40,30,15,12
2016-06-29,662.0,300,Cal,0,0,57,30,15,12
2016-06-30,811.0,300,Cal,0,0,101,30,13,12
2016-07-01,513.0,300,Cal,0,0,52,30,15,12
2016-07-02,1023.0,300,Cal,0,0,119,30,15,12
2016-07-03,926.0,300,Cal,0,0,115,30,14,12
2016-07-04,941.0,330,Cal,0,0,104,30,14,12
2016-07-05,762.0,330,Cal,0,0,94,30,13,12
2016-07-06,868.0,330,Cal,0,0,109,30,13,12
2016-07-07,344.0,330,Cal,0,0,21,30,12,12
2016-07-08,519.0,330,Cal,0,0,44,30,14,12
2016-07-09,848.0,330,Cal,0,0,95,30,12,12
2016-07-10,537.0,330,Cal,0,0,56,30,13,12
2016-07-11,613.0,360,Cal,0,0,88,30,13,12
2016-07-12,697.0,360,Cal,0,0,58,30,18,12
2016-07-13,872.0,360,Cal,0,0,106,30,12,12
2016-07-14,1091.0,360,Cal,0,0,126,30,18,12
2016-07-15,627.0,360,Cal,0,0,63,30,14,12
2016-07-16,445.0,360,Cal,0,0,37,30,10,12
2016-07-17,439.0,360,Cal,0,0,28,30,14,12
2016-07-18,776.0,390,Cal,0,0,93,30,14,12
2016-07-19,710.0,390,Cal,0,0,76,30,15,12
2016-07-20,779.0,390,Cal,0,0,87,30,13,12
2016-07-21,507.0,390,Cal,0,0,39,30,14,12
2016-07-22,520.0,390,Cal,0,0,45,30,14,12
2016-07-23,552.0,390,Cal,0,0,64,30,13,12
2016-07-24,671.0,390,Cal,0,0,57,30,15,12
2016-07-25,550.0,420,Cal,0,0,46,30,16,12
2016-07-26,781.0,420,Cal,0,0,91,30,14,12
2016-07-27,680.0,420,Cal,0,0,65,30,13,12
2016-07-28,452.0,420,Cal,0,0,31,30,14,12
2016-07-29,475.0,420,Cal,0,0,35,30,16,12
2016-07-30,839.0,420,Cal,0,0,106,30,14,12
2016-07-31,481.0,420,Cal,0,0,60,30,8,12
2016-08-01,598.0,460,Cal,0,0,47,30,16,12
2016-08-02,658.0,460,Cal,0,0,82,30,9,12
2016-08-03,677.0,460,Cal,0,0,84,30,15,12
2016-08-04,466.0,460,Cal,0,0,42,30,12,12
2016-08-05,622.0,460,Cal,0,0,54,30,12,12
2016-08-06,578.0,460,Cal,0,0,50,30,14,12
2016-08-07,667.0,460,Cal,0,0,99,30,13,12
2016-08-08,661.0,500,Cal,0,0,51,30,17,12
2016-08-09,672.0,500,Cal,0,0,76,30,16,12
2016-08-10,366.0,500,Cal,0,0,29,30,16,12
2016-08-11,249.0,500,Cal,0,0,15,30,11,12
2016-08-12,641.0,500,Cal,0,0,49,30,15,12
2016-08-13,368.0,500,Cal,0,0,26,30,12,12
2016-08-14,332.0,500,Cal,0,0,21,30,11,12
2016-08-15,525.0,500,Cal,0,0,53,30,13,12
2016-08-16,662.0,500,Cal,0,0,49,30,15,12
2016-08-17,376.0,500,Cal,0,0,20,30,12,12
2016-08-18,386.0,500,Cal,0,0,26,30,10,12
2016-08-19,423.0,500,Cal,0,0,32,30,14,12
2016-08-20,324.0,500,Cal,0,0,27,30,14,12
2016-08-21,580.0,500,Cal,0,0,54,30,14,12
2016-08-22,399.0,500,Cal,0,0,34,30,13,12
2016-08-23,616.0,500,Cal,0,0,68,30,13,12
2016-08-24,836.0,500,Cal,0,0,89,30,15,12
2016-08-25,938.0,500,Cal,0,0,106,30,16,12
2016-08-26,511.0,500,Cal,0,0,50,30,17,12
2016-08-27,597.0,500,Cal,0,0,44,30,13,12
2016-08-28,958.0,500,Cal,0,0,142,30,16,12
2016-08-29,790.0,500,Cal,0,0,105,30,11,12
2016-08-30,798.0,500,Cal,0,0,110,30,14,12
2016-08-31,539.0,500,Cal,0,0,48,30,13,12
2016-09-01,988.0,500,Cal,0,0,135,30,13,12
2016-09-02,662.0,500,Cal,0,0,72,30,15,12
2016-09-03,511.0,500,Cal,0,0,38,30,15,12
2016-09-04,797.0,500,Cal,0,0,88,30,14,12
2016-09-05,224.0,500,Cal,0,0,4,30,11,12
2016-09-06,575.0,500,Cal,0,0,46,30,15,12
2016-09-07,769.0,500,Cal,0,0,109,30,9,12
2016-09-08,466.0,500,Cal,0,0,35,30,12,12
2016-09-09,509.0,500,Cal,0,0,41,30,12,12
2016-09-10,535.0,500,Cal,0,0,68,30,10,12
2016-09-11,472.0,500,Cal,0,0,57,30,12,12
2016-09-12,484.0,500,Cal,0,0,25,30,14,12
2016-09-13,580.0,500,Cal,0,0,47,30,15,12
2016-09-14,677.0,500,Cal,0,0,65,30,16,12
2016-09-15,504.0,500,Cal,0,0,48,30,15,12
2016-09-16,751.0,500,Cal,0,0,79,30,12,12
2016-09-17,366.0,500,Cal,0,0,21,30,10,12
2016-09-18,514.0,500,Cal,0,0,66,30,11,12
2016-09-19,452.0,500,Cal,0,0,29,30,16,12
2016-09-20,643.0,500,Cal,0,0,71,30,13,12
2016-09-21,429.0,500,Cal,0,0,29,30,14,12
2016-09-22,492.0,500,Cal,0,0,39,30,14,12
2016-09-23,480.0,500,Cal,0,0,47,30,13,12
2016-09-24,385.0,500,Cal,0,0,38,30,9,12
2016-09-25,618.0,500,Cal,0,0,79,30,12,12
2016-09-26,357.0,500,Cal,0,0,44,30,12,12
2016-09-27,859.0,500,Cal,0,0,127,30,12,12
2016-09-28,711.0,500,Cal,0,0,105,30,16,12
2016-09-29,653.0,500,Cal,0,0,78,30,14,12
2016-09-30,393.0,500,Cal,0,0,32,30,11,12
2016-10-01,401.0,500,Cal,0,0,40,30,12,12
2016-10-02,577.0,500,Cal,0,0,68,30,10,12
2016-10-03,852.0,500,Cal,0,0,111,30,12,12
2016-10-04,731.0,500,Cal,0,0,77,30,14,12
2016-10-05,849.0,500,Cal,0,0,89,30,16,12
2016-10-06,429.0,500,Cal,0,0,33,30,15,12
2016-10-07,520.0,500,Cal,0,0,66,30,10,12
2016-10-08,507.0,500,Cal,0,0,20,30,14,12
2016-10-09,441.0,500,Cal,0,0,48,30,13,12
2016-10-10,458.0,500,Cal,0,0,59,30,11,12
2016-10-11,752.0,500,Cal,0,0,93,30,13,12
2016-10-12,487.0,500,Cal,0,0,51,30,14,12
2016-10-13,766.0,500,Cal,0,0,95,30,13,12
2016-10-14,403.0,500,Cal,0,0,59,30,9,12
2016-10-15,609.0,500,Cal,0,0,74,30,13,12
2016-10-16,673.0,500,Cal,0,0,70,30,16,12
2016-10-17,357.0,500,Cal,0,0,39,30,11,12
2016-10-18,316.0,500,Cal,0,0,35,30,8,12
2016-10-19,653.0,500,Cal,0,0,88,30,14,12
2016-11-07,0.0,500,Cal,0,0,0,30,0,12
2016-11-08,104.0,500,Cal,0,0,12,30,2,12
2016-11-09,844.0,500,Cal,0,0,164,30,15,12
2016-11-10,717.0,500,Cal,0,0,127,30,15,12
2016-11-11,418.0,500,Cal,0,0,57,30,14,12
2016-11-12,1009.0,500,Cal,0,0,185,30,13,12
2016-11-13,734.0,500,Cal,0,0,130,30,13,12
2016-11-14,579.0,450,Cal,0,0,98,30,13,12
2016-11-15,617.0,450,Cal,0,0,104,30,15,12
2016-11-16,696.0,450,Cal,0,0,129,30,12,12
2016-11-17,936.0,450,Cal,0,0,190,30,13,12
2016-11-18,689.0,450,Cal,0,0,117,30,14,12
2016-11-19,447.0,450,Cal,0,0,39,30,14,12
2016-11-20,908.0,450,Cal,0,0,152,30,15,12
2016-11-21,592.0,490,Cal,0,0,60,30,11,12
2016-11-22,655.0,490,Cal,0,0,123,30,12,12
2016-11-23,273.0,490,Cal,0,0,16,30,12,12
2016-11-24,358.0,490,Cal,0,0,30,30,12,12
2016-11-25,330.0,490,Cal,0,0,30,30,15,12
2016-11-26,303.0,490,Cal,0,0,19,30,14,12
2016-11-27,521.0,490,Cal,0,0,79,30,13,12
2016-11-28,498.0,440,Cal,0,0,82,30,11,12
2016-11-29,373.0,440,Cal,0,0,70,30,11,12
2016-11-30,516.0,440,Cal,0,0,94,30,12,12
2016-12-01,621.0,440,Cal,0,0,107,30,14,12
2016-12-02,444.0,440,Cal,0,0,58,30,12,12
2016-12-03,573.0,440,Cal,0,0,89,30,12,12
2016-12-04,451.0,440,Cal,0,0,65,30,11,12
2016-12-05,664.0,440,Cal,0,0,110,30,14,12
2016-12-06,673.0,440,Cal,0,0,94,30,12,12
2016-12-07,445.0,440,Cal,0,0,59,30,12,12
2016-12-08,771.0,440,Cal,0,0,158,30,14,12
2016-12-09,733.0,440,Cal,0,0,138,30,13,12
2016-12-10,435.0,440,Cal,0,0,59,30,12,12
2016-12-11,213.0,440,Cal,0,0,10,30,9,12
2016-12-12,492.0,440,Cal,0,0,86,30,13,12
2016-12-13,596.0,440,Cal,0,0,71,30,14,12
2016-12-14,556.0,440,Cal,0,0,73,30,14,12
2016-12-15,562.0,440,Cal,0,0,73,30,14,12
2016-12-16,637.0,440,Cal,0,0,94,30,15,12
2016-12-17,490.0,440,Cal,0,0,75,30,11,12
2016-12-18,470.0,440,Cal,0,0,84,30,10,12
2016-12-19,596.0,480,Cal,0,0,115,30,13,12
2016-12-20,306.0,480,Cal,0,0,45,30,10,12
2016-12-21,443.0,480,Cal,0,0,53,30,14,12
2016-12-22,414.0,480,Cal,0,0,66,30,13,12
2016-12-23,353.0,480,Cal,0,0,25,30,16,12
2016-12-24,441.0,480,Cal,0,0,58,30,14,12
2016-12-25,351.0,480,Cal,0,0,52,30,11,12
2016-12-26,300.0,480,Cal,0,0,34,30,13,12
2016-12-27,275.0,480,Cal,0,0,26,30,13,12
2016-12-28,243.0,480,Cal,0,0,14,30,14,12
2016-12-29,367.0,480,Cal,0,0,45,30,15,12
2016-12-30,291.0,480,Cal,0,0,26,30,14,12
2016-12-31,268.0,480,Cal,0,0,16,30,14,12
2017-01-01,200.0,480,Cal,0,0,14,30,14,12
2017-01-02,387.0,430,Cal,0,0,37,30,14,12
2017-01-03,354.0,430,Cal,0,0,52,30,11,12
2017-01-04,391.0,430,Cal,0,0,51,30,13,12
2017-01-05,489.0,430,Cal,0,0,65,30,16,12
2017-01-06,551.0,430,Cal,0,0,56,30,18,12
2017-01-07,513.0,430,Cal,0,0,67,30,16,12
2017-01-08,526.0,430,Cal,0,0,80,30,14,12
2017-01-09,426.0,430,Cal,0,0,61,30,13,12
2017-01-10,419.0,430,Cal,0,0,65,30,12,12
2017-01-11,553.0,430,Cal,0,0,94,30,15,12
2017-01-12,569.0,430,Cal,0,0,86,30,15,12
2017-01-13,441.0,430,Cal,0,0,67,30,11,12
2017-01-14,497.0,430,Cal,0,0,84,30,11,12
2017-01-15,285.0,430,Cal,0,0,42,30,10,12
2017-01-16,364.0,380,Cal,0,0,68,30,9,12
2017-01-17,207.0,380,Cal,0,0,17,30,10,12
2017-01-18,348.0,380,Cal,0,0,35,30,14,12
2017-01-19,245.0,380,Cal,0,0,19,30,11,12
2017-01-20,290.0,380,Cal,0,0,31,30,13,12
2017-01-21,543.0,380,Cal,0,0,97,30,13,12
2017-01-22,307.0,380,Cal,0,0,31,30,10,12
2017-01-23,265.0,380,Cal,0,0,36,30,9,12
2017-01-24,257.0,380,Cal,0,0,21,30,10,12
2017-01-25,352.0,380,Cal,0,0,49,30,14,12
2017-01-26,572.0,380,Cal,0,0,96,30,13,12
2017-01-27,324.0,380,Cal,0,0,39,30,13,12
2017-01-28,415.0,380,Cal,0,0,49,30,13,12
2017-01-29,601.0,380,Cal,0,0,98,30,13,12
2017-01-30,383.0,340,Cal,0,0,55,30,10,12
2017-01-31,452.0,340,Cal,0,0,56,30,16,12
2017-02-01,637.0,340,Cal,0,0,102,30,14,12
2017-02-02,444.0,340,Cal,0,0,38,30,16,12
2017-02-03,343.0,340,Cal,0,0,19,30,15,12
2017-02-04,307.0,340,Cal,0,0,23,30,15,12
2017-02-05,599.0,340,Cal,0,0,103,30,12,12
2017-02-06,317.0,340,Cal,0,0,25,30,13,12
2017-02-07,458.0,340,Cal,0,0,55,30,13,12
2017-02-08,462.0,340,Cal,0,0,59,30,14,12
2017-02-09,462.0,340,Cal,0,0,60,30,15,12
2017-02-10,475.0,340,Cal,0,0,79,30,11,12
2017-02-11,558.0,340,Cal,0,0,90,30,14,12
2017-02-12,182.0,340,Cal,0,0,2,30,9,12
2017-02-13,255.0,340,Cal,0,0,22,30,9,12
2017-02-14,359.0,340,Cal,0,0,61,30,9,12
2017-02-15,344.0,340,Cal,0,0,35,30,12,12
2017-02-16,783.0,340,Cal,0,0,143,30,12,12
2017-02-17,572.0,340,Cal,0,0,94,30,11,12
2017-02-18,428.0,340,Cal,0,0,68,30,7,12
2017-02-19,264.0,340,Cal,0,0,16,30,10,12
2017-02-20,522.0,340,Cal,0,0,72,30,13,12
2017-02-21,606.0,340,Cal,0,0,105,30,12,12
2017-02-22,599.0,340,Cal,0,0,95,30,14,12
2017-02-23,594.0,340,Cal,0,0,85,30,14,12
2017-02-24,592.0,340,Cal,0,0,105,30,14,12
2017-02-25,431.0,340,Cal,0,0,55,30,12,12
2017-02-26,724.0,340,Cal,0,0,118,30,13,12
2017-02-27,522.0,340,Cal,0,0,72,30,13,12
2017-02-28,440.0,340,Cal,0,0,59,30,13,12
2017-03-01,614.0,340,Cal,0,0,103,30,13,12
2017-03-02,691.0,340,Cal,0,0,124,30,14,12
2017-03-03,709.0,340,Cal,0,0,124,30,13,12
2017-03-04,414.0,340,Cal,0,0,69,30,14,12
2017-03-05,555.0,340,Cal,0,0,74,30,13,12
2017-03-06,720.0,370,Cal,0,0,125,30,16,12
2017-03-07,567.0,370,Cal,0,0,100,30,15,12
2017-03-08,722.0,370,Cal,0,0,119,30,15,12
2017-03-09,762.0,370,Cal,0,0,130,30,14,12
2017-03-10,574.0,370,Cal,0,0,102,30,13,12
2017-03-11,483.0,370,Cal,0,0,72,30,13,12
2017-03-12,364.0,370,Cal,0,0,41,30,12,12
2017-03-13,491.0,370,Cal,0,0,74,30,10,12
2017-03-14,320.0,370,Cal,0,0,38,30,13,12
2017-03-15,544.0,370,Cal,0,0,75,30,11,12
2017-03-16,699.0,370,Cal,0,0,126,30,13,12
2017-03-17,381.0,370,Cal,0,0,29,30,10,12
2017-03-18,625.0,370,Cal,0,0,107,30,12,12
2017-03-19,305.0,370,Cal,0,0,44,30,11,12
2017-03-20,356.0,370,Cal,0,0,39,30,12,12
2017-03-21,593.0,370,Cal,0,0,90,30,16,12
2017-03-22,597.0,370,Cal,0,0,88,30,14,12
2017-03-23,637.0,370,Cal,0,0,84,30,14,12
2017-03-24,312.0,370,Cal,0,0,22,30,13,12
2017-03-25,279.0,370,Cal,0,0,20,30,11,12
2017-03-26,332.0,370,Cal,0,0,36,30,12,12
2017-03-27,788.0,370,Cal,0,0,147,30,12,12
2017-03-28,690.0,370,Cal,0,0,125,30,13,12
2017-03-29,653.0,370,Cal,0,0,104,30,14,12
2017-03-30,413.0,370,Cal,0,0,49,30,13,12
2017-03-31,421.0,370,Cal,0,0,47,30,9,12
2017-04-01,707.0,370,Cal,0,0,127,30,16,12
2017-04-02,741.0,370,Cal,0,0,146,30,12,12
2017-04-03,528.0,370,Cal,0,0,85,30,13,12
2017-04-04,613.0,370,Cal,0,0,113,30,13,12
2017-04-05,592.0,370,Cal,0,0,84,30,12,12
2017-04-06,465.0,370,Cal,0,0,50,30,14,12
2017-04-07,522.0,370,Cal,0,0,59,30,16,12
2017-04-08,328.0,370,Cal,0,0,23,30,14,12
2017-04-09,375.0,370,Cal,0,0,28,30,13,12
2017-04-10,370.0,370,Cal,0,0,48,30,12,12
2017-04-11,560.0,370,Cal,0,0,94,30,15,12
2017-04-12,629.0,370,Cal,0,0,117,30,15,12
2017-04-13,646.0,370,Cal,0,0,88,30,15,12
2017-04-14,496.0,370,Cal,0,0,67,30,13,12
2017-04-15,772.0,370,Cal,0,0,135,30,13,12
2017-04-16,623.0,370,Cal,0,0,109,30,14,12
2017-04-17,564.0,400,Cal,0,0,79,30,15,12
2017-04-18,617.0,400,Cal,0,0,94,30,16,12
2017-04-19,437.0,400,Cal,0,0,58,30,12,12
2017-04-20,521.0,400,Cal,0,0,70,30,15,12
2017-04-21,778.0,400,Cal,0,0,148,30,15,12
2017-04-22,553.0,400,Cal,0,0,91,30,11,12
2017-04-23,687.0,400,Cal,0,0,122,30,14,12
2017-04-24,469.0,440,Cal,0,0,37,30,14,12
2017-04-25,920.0,440,Cal,0,0,158,30,18,12
2017-04-26,394.0,440,Cal,0,0,37,30,11,12
2017-04-27,553.0,440,Cal,0,0,73,30,16,12
2017-04-28,457.0,440,Cal,0,0,49,30,13,12
2017-04-29,419.0,440,Cal,0,0,35,30,14,12
2017-04-30,547.0,440,Cal,0,0,98,30,12,12
2017-05-01,741.0,480,Cal,0,0,120,30,17,12
2017-05-02,515.0,480,Cal,0,0,82,30,13,12
2017-05-03,371.0,480,Cal,0,0,41,30,13,12
2017-05-04,624.0,480,Cal,0,0,99,30,15,12
2017-05-05,448.0,480,Cal,0,0,49,30,12,12
2017-05-06,504.0,480,Cal,0,0,64,30,9,12
2017-05-07,459.0,480,Cal,0,0,66,30,11,12
2017-05-08,498.0,480,Cal,0,0,89,30,11,12
2017-05-09,324.0,480,Cal,0,0,19,30,13,12
2017-05-10,568.0,480,Cal,0,0,92,30,12,12
2017-05-11,574.0,480,Cal,0,0,77,30,16,12
2017-05-12,550.0,480,Cal,0,0,68,30,13,12
2017-05-13,400.0,480,Cal,0,0,55,30,12,12
2017-05-14,305.0,480,Cal,0,0,16,30,13,12
2017-05-15,513.0,480,Cal,0,0,93,30,12,12
2017-05-16,567.0,480,Cal,0,0,84,30,16,12
2017-05-17,398.0,480,Cal,0,0,24,30,14,12
2017-05-18,521.0,480,Cal,0,0,81,30,18,12
2017-05-19,376.0,480,Cal,0,0,45,30,11,12
2017-05-20,498.0,480,Cal,0,0,59,30,14,12
2017-05-21,584.0,480,Cal,0,0,88,30,12,12
2017-05-22,262.0,480,Cal,0,0,17,30,12,12
2017-05-23,419.0,480,Cal,0,0,54,30,13,12
2017-05-24,450.0,480,Cal,0,0,55,30,14,12
2017-05-25,440.0,480,Cal,0,0,54,30,12,12
2017-05-26,412.0,480,Cal,0,0,38,30,15,12
2017-05-27,317.0,480,Cal,0,0,16,30,16,12
2017-05-28,273.0,480,Cal,0,0,15,30,12,12
2017-05-29,174.0,480,Cal,0,0,3,30,10,12
2017-05-30,408.0,480,Cal,0,0,47,30,12,12
2017-05-31,305.0,480,Cal,0,0,28,30,11,12
2017-06-01,586.0,480,Cal,0,0,78,30,17,12
2017-06-02,465.0,480,Cal,0,0,51,30,16,12
2017-06-03,359.0,480,Cal,0,0,32,30,15,12
2017-06-04,885.0,480,Cal,0,0,137,30,14,12
2017-06-05,431.0,430,Cal,0,0,50,30,14,12
2017-06-06,540.0,430,Cal,0,0,69,30,15,12
2017-06-07,489.0,430,Cal,0,0,68,30,13,12
2017-06-08,747.0,430,Cal,0,0,143,30,14,12
2017-06-09,392.0,430,Cal,0,0,36,30,15,12
2017-06-10,523.0,430,Cal,0,0,66,30,12,12
2017-06-11,546.0,430,Cal,0,0,96,30,12,12
2017-06-12,362.0,380,Cal,0,0,32,30,12,12
2017-06-13,430.0,380,Cal,0,0,42,30,11,12
2017-06-14,534.0,380,Cal,0,0,68,30,16,12
2017-06-15,471.0,380,Cal,0,0,53,30,14,12
2017-06-16,362.0,380,Cal,0,0,35,30,12,12
2017-06-17,730.0,380,Cal,0,0,116,30,15,12
2017-06-18,578.0,380,Cal,0,0,83,30,12,12
2017-06-19,713.0,380,Cal,0,0,121,30,16,12
2017-06-20,505.0,380,Cal,0,0,64,30,12,12
2017-06-21,514.0,380,Cal,0,0,57,30,15,12
2017-06-22,428.0,380,Cal,0,0,45,30,14,12
2017-06-23,488.0,380,Cal,0,0,49,30,14,12
2017-06-24,342.0,380,Cal,0,0,19,30,12,12
2017-06-25,401.0,380,Cal,0,0,2,30,14,12
2017-06-26,597.0,380,Cal,0,0,39,30,14,12
2017-06-27,389.0,380,Cal,0,0,16,30,17,12
2017-06-28,442.0,380,Cal,0,0,9,30,12,12
2017-06-29,397.0,380,Cal,0,0,15,30,13,12
2017-06-30,640.0,380,Cal,0,0,25,30,15,12
2017-07-01,599.0,380,Cal,0,0,67,30,14,12
2017-07-02,532.0,380,Cal,0,0,79,30,14,12
2017-07-03,121.0,380,Cal,0,0,9,30,1,12
2017-07-04,812.0,380,Cal,0,0,128,30,17,12
2017-07-05,651.0,380,Cal,0,0,75,30,16,12
2017-07-06,711.0,380,Cal,0,0,107,30,15,12
2017-07-07,354.0,380,Cal,0,0,32,30,11,12
2017-07-08,539.0,380,Cal,0,0,70,30,13,12
2017-07-09,385.0,380,Cal,0,0,47,30,16,12
2017-07-10,749.0,410,Cal,0,0,102,30,15,12
2017-07-11,617.0,410,Cal,0,0,115,30,13,12
2017-07-12,331.0,410,Cal,0,0,24,30,12,12
2017-07-13,498.0,410,Cal,0,0,58,30,15,12
2017-07-14,495.0,410,Cal,0,0,57,30,15,12
2017-07-15,372.0,410,Cal,0,0,37,30,13,12
2017-07-16,573.0,410,Cal,0,0,82,30,15,12
2017-07-17,511.0,410,Cal,0,0,59,30,12,12
2017-07-18,615.0,410,Cal,0,0,94,30,18,12
2017-07-19,528.0,410,Cal,0,0,49,30,13,12
2017-07-20,470.0,410,Cal,0,0,66,30,17,12
2017-07-21,564.0,410,Cal,0,0,106,30,15,12
2017-07-22,783.0,410,Cal,0,0,130,30,18,12
2017-07-23,371.0,410,Cal,0,0,32,30,14,12
2017-07-24,445.0,410,Cal,0,0,70,30,15,12
2017-07-25,419.0,410,Cal,0,0,39,30,17,12
2017-07-26,672.0,410,Cal,0,0,105,30,14,12
2017-07-27,552.0,410,Cal,0,0,74,30,18,12
2017-07-28,440.0,410,Cal,0,0,57,30,15,12
2017-07-29,483.0,410,Cal,0,0,85,30,12,12
2017-07-30,416.0,410,Cal,0,0,43,30,14,12
2017-07-31,373.0,450,Cal,0,0,36,30,14,12
2017-08-01,370.0,450,Cal,0,0,32,30,14,12
2017-08-02,547.0,450,Cal,0,0,66,30,17,12
2017-08-03,669.0,450,Cal,0,0,91,30,17,12
2017-08-04,675.0,450,Cal,0,0,114,30,15,12
2017-08-05,333.0,450,Cal,0,0,36,30,13,12
2017-08-06,541.0,450,Cal,0,0,74,30,15,12
2017-08-07,561.0,450,Cal,0,0,82,30,14,12
2017-08-08,600.0,450,Cal,0,0,82,30,16,12
2017-08-09,458.0,450,Cal,0,0,41,30,16,12
2017-08-10,596.0,450,Cal,0,0,97,30,15,12
2017-08-11,398.0,450,Cal,0,0,39,30,16,12
2017-08-12,472.0,450,Cal,0,0,57,30,17,12
2017-08-13,353.0,450,Cal,0,0,29,30,15,12
2017-08-14,569.0,450,Cal,0,0,81,30,16,12
2017-08-15,453.0,450,Cal,0,0,48,30,17,12
2017-08-16,427.0,450,Cal,0,0,54,30,17,12
2017-08-17,608.0,450,Cal,0,0,93,30,15,12
2017-08-18,464.0,450,Cal,0,0,58,30,14,12
2017-08-19,718.0,450,Cal,0,0,118,30,18,12
2017-08-20,482.0,450,Cal,0,0,60,30,17,12
2017-08-21,527.0,450,Cal,0,0,61,30,17,12
2017-08-22,495.0,450,Cal,0,0,52,30,16,12
2017-08-23,603.0,450,Cal,0,0,91,30,13,12
2017-08-24,427.0,450,Cal,0,0,44,30,13,12
2017-08-25,645.0,450,Cal,0,0,107,30,14,12
2017-08-26,750.0,450,Cal,0,0,120,30,13,12
2017-08-27,711.0,450,Cal,0,0,117,30,14,12
2017-08-28,525.0,450,Cal,0,0,70,30,13,12
2017-08-29,512.0,450,Cal,0,0,68,30,15,12
2017-08-30,578.0,450,Cal,0,0,81,30,15,12
2017-08-31,661.0,450,Cal,0,0,102,30,14,12
2017-09-01,944.0,450,Cal,0,0,153,30,15,12
2017-09-02,432.0,450,Cal,0,0,63,30,10,12
2017-09-03,290.0,450,Cal,0,0,28,30,11,12
2017-09-04,432.0,450,Cal,0,0,50,30,15,12
2017-09-05,580.0,450,Cal,0,0,79,30,13,12
2017-09-06,281.0,450,Cal,0,0,24,30,10,12
2017-09-07,524.0,450,Cal,0,0,69,30,13,12
2017-09-08,675.0,450,Cal,0,0,98,30,14,12
2017-09-09,692.0,450,Cal,0,0,92,30,16,12
2017-09-10,443.0,450,Cal,0,0,53,30,13,12
2017-09-11,722.0,450,Cal,0,0,123,30,13,12
2017-09-12,527.0,450,Cal,0,0,66,30,15,12
2017-09-13,277.0,450,Cal,0,0,18,30,12,12
2017-09-14,847.0,450,Cal,0,0,136,30,17,12
2017-09-15,465.0,450,Cal,0,0,44,30,16,12
2017-09-16,203.0,450,Cal,0,0,17,30,10,12
2017-09-17,298.0,450,Cal,0,0,16,30,13,12
2017-09-18,119.0,450,Cal,0,0,16,30,4,12
2017-09-19,477.0,450,Cal,0,0,79,30,14,12
2017-09-20,451.0,450,Cal,0,0,57,30,14,12
2017-09-21,544.0,450,Cal,0,0,75,30,12,12
2017-09-22,372.0,450,Cal,0,0,50,30,12,12
2017-09-23,328.0,450,Cal,0,0,37,30,9,12
2017-09-24,636.0,450,Cal,0,0,103,30,14,12
2017-09-25,297.0,450,Cal,0,0,21,30,11,12
2017-09-26,658.0,450,Cal,0,0,104,30,15,12
2017-09-27,672.0,450,Cal,0,0,104,30,13,12
2017-09-28,636.0,450,Cal,0,0,95,30,14,12
2017-09-29,608.0,450,Cal,0,0,97,30,14,12
2017-09-30,270.0,450,Cal,0,0,24,30,12,12
2017-10-01,611.0,450,Cal,0,0,97,30,14,12
2017-10-02,656.0,450,Cal,0,0,101,30,12,12
2017-10-03,563.0,450,Cal,0,0,79,30,15,12
2017-10-04,675.0,450,Cal,0,0,104,30,15,12
2017-10-05,616.0,450,Cal,0,0,85,30,16,12
2017-10-06,419.0,450,Cal,0,0,58,30,13,12
2017-10-07,538.0,450,Cal,0,0,86,30,14,12
2017-10-08,523.0,450,Cal,0,0,82,30,12,12
2017-10-09,200.0,450,Cal,0,0,4,30,10,12
2017-10-10,477.0,450,Cal,0,0,65,30,14,12
2017-10-11,573.0,450,Cal,0,0,85,30,12,12
2017-10-12,559.0,450,Cal,0,0,85,30,12,12
2017-10-13,523.0,450,Cal,0,0,74,30,15,12
2017-10-14,524.0,450,Cal,0,0,75,30,13,12
2017-10-15,192.0,450,Cal,0,0,11,30,12,12
2017-10-16,356.0,450,Cal,0,0,44,30,16,12
2017-10-17,746.0,450,Cal,0,0,113,30,17,12
2017-10-18,463.0,450,Cal,0,0,58,30,15,12
2017-10-19,661.0,450,Cal,0,0,101,30,15,12
2017-10-20,492.0,450,Cal,0,0,77,30,14,12
2017-10-21,227.0,450,Cal,0,0,14,30,13,12
2017-10-22,569.0,450,Cal,0,0,85,30,14,12
2017-10-23,555.0,450,Cal,0,0,74,30,15,12
2017-10-24,709.0,450,Cal,0,0,117,30,16,12
2017-10-25,403.0,450,Cal,0,0,28,30,16,12
2017-10-26,651.0,450,Cal,0,0,93,30,16,12
2017-10-27,386.0,450,Cal,0,0,32,30,18,12
2017-10-28,705.0,450,Cal,0,0,110,30,13,12
2017-10-29,451.0,450,Cal,0,0,62,30,13,12
2017-10-30,558.0,450,Cal,0,0,80,30,17,12
2017-10-31,362.0,450,Cal,0,0,30,30,15,12
2017-11-01,496.0,450,Cal,0,0,73,30,16,12
2017-11-02,798.0,450,Cal,0,0,135,30,16,12
2017-11-03,487.0,450,Cal,0,0,58,30,15,12
2017-11-04,586.0,450,Cal,0,0,100,30,13,12
2017-11-05,464.0,450,Cal,0,0,61,30,11,12
2017-11-06,641.0,450,Cal,0,0,94,30,15,12
2017-11-07,587.0,450,Cal,0,0,81,30,15,12
2017-11-08,465.0,450,Cal,0,0,40,30,17,12
2017-11-09,585.0,450,Cal,0,0,75,30,16,12
2017-11-10,303.0,450,Cal,0,0,17,30,12,12
2017-11-11,516.0,450,Cal,0,0,63,30,16,12
2017-11-12,189.0,450,Cal,0,0,2,30,11,12
2017-11-13,650.0,450,Cal,0,0,100,30,16,12
2017-11-14,462.0,450,Cal,0,0,69,30,14,12
2017-11-15,505.0,450,Cal,0,0,69,30,14,12
2017-11-16,462.0,450,Cal,0,0,50,30,17,12
2017-11-17,453.0,450,Cal,0,0,32,30,15,12
2017-11-18,276.0,450,Cal,0,0,5,30,15,12
2017-11-19,367.0,450,Cal,0,0,44,30,14,12
2017-11-20,376.0,450,Cal,0,0,21,30,16,12
2017-11-21,476.0,450,Cal,0,0,47,30,16,12
2017-11-22,347.0,450,Cal,0,0,16,30,16,12
2017-11-23,588.0,450,Cal,0,0,58,30,12,12
2017-11-24,438.0,450,Cal,0,0,35,30,14,12
2017-11-25,386.0,450,Cal,0,0,16,30,14,12
2017-11-26,367.0,450,Cal,0,0,29,30,11,12
2017-11-27,561.0,450,Cal,0,0,79,30,14,12
2017-11-28,388.0,450,Cal,0,0,35,30,16,12
2017-11-29,621.0,450,Cal,0,0,94,30,13,12
2017-11-30,628.0,450,Cal,0,0,94,30,17,12
2017-12-01,350.0,450,Cal,0,0,20,30,14,12
2017-12-02,880.0,450,Cal,0,0,170,30,16,12
2017-12-03,255.0,450,Cal,0,0,8,30,15,12
2017-12-04,349.0,450,Cal,0,0,27,30,16,12
2017-12-05,309.0,450,Cal,0,0,19,30,14,12
2017-12-06,561.0,450,Cal,0,0,74,30,15,12
2017-12-07,433.0,450,Cal,0,0,45,30,14,12
2017-12-08,350.0,450,Cal,0,0,37,30,12,12
2017-12-09,388.0,450,Cal,0,0,35,30,17,12
2017-12-10,416.0,450,Cal,0,0,50,30,13,12
2017-12-11,238.0,400,Cal,0,0,9,30,13,12
2017-12-12,291.0,400,Cal,0,0,17,30,13,12
2017-12-13,290.0,400,Cal,0,0,15,30,12,12
2017-12-14,362.0,400,Cal,0,0,43,30,14,12
2017-12-15,347.0,400,Cal,0,0,16,30,14,12
2017-12-16,558.0,400,Cal,0,0,76,30,12,12
2017-12-17,202.0,400,Cal,0,0,6,30,12,12
2017-12-18,457.0,360,Cal,0,0,65,30,11,12
2017-12-19,422.0,360,Cal,0,0,40,30,14,12
2017-12-20,329.0,360,Cal,0,0,18,30,14,12
2017-12-21,482.0,360,Cal,0,0,19,30,16,12
2017-12-22,444.0,360,Cal,0,0,18,30,15,12
2017-12-23,263.0,360,Cal,0,0,8,30,11,12
2017-12-24,346.0,360,Cal,0,0,13,30,13,12
2017-12-25,332.0,320,Cal,0,0,15,30,12,12
2017-12-26,316.0,320,Cal,0,0,15,30,12,12
2017-12-27,517.0,320,Cal,0,0,58,30,13,12
2017-12-28,386.0,320,Cal,0,0,40,30,10,12
2017-12-29,529.0,320,Cal,0,0,66,30,17,12
2017-12-30,468.0,320,Cal,0,0,53,30,16,12
2017-12-31,265.0,320,Cal,0,0,1,30,17,12
2018-01-01,568.0,320,Cal,0,0,68,30,16,12
2018-01-02,575.0,320,Cal,0,0,78,30,11,12
2018-01-03,473.0,320,Cal,0,0,51,30,15,12
2018-01-04,409.0,320,Cal,0,0,32,30,16,12
2018-01-05,513.0,320,Cal,0,0,55,30,13,12
2018-01-06,259.0,320,Cal,0,0,0,30,16,12
2018-01-07,360.0,320,Cal,0,0,10,30,17,12
2018-01-08,651.0,320,Cal,0,0,88,30,15,12
2018-01-09,622.0,320,Cal,0,0,90,30,15,12
2018-01-10,468.0,320,Cal,0,0,50,30,15,12
2018-01-11,699.0,320,Cal,0,0,113,30,16,12
2018-01-12,375.0,320,Cal,0,0,30,30,14,12
2018-01-13,353.0,320,Cal,0,0,33,30,15,12
2018-01-14,623.0,320,Cal,0,0,101,30,14,12
2018-01-15,712.0,350,Cal,0,0,111,30,15,12
2018-01-16,457.0,350,Cal,0,0,44,30,16,12
2018-01-17,463.0,350,Cal,0,0,73,30,12,12
2018-01-18,675.0,350,Cal,0,0,102,30,17,12
2018-01-19,643.0,350,Cal,0,0,118,30,15,12
2018-01-20,668.0,350,Cal,0,0,116,30,13,12
2018-01-21,528.0,350,Cal,0,0,63,30,14,12
2018-01-22,472.0,380,Cal,0,0,67,30,11,12
2018-01-23,295.0,380,Cal,0,0,26,30,12,12
2018-01-24,406.0,380,Cal,0,0,47,30,13,12
2018-01-25,677.0,380,Cal,0,0,108,30,14,12
2018-01-26,425.0,380,Cal,0,0,53,30,16,12
2018-01-27,871.0,380,Cal,0,0,159,30,15,12
2018-01-28,522.0,380,Cal,0,0,87,30,10,12
2018-01-29,485.0,410,Cal,0,0,76,30,14,12
2018-01-30,544.0,410,Cal,0,0,85,30,13,12
2018-01-31,518.0,410,Cal,0,0,72,30,14,12
2018-02-01,547.0,410,Cal,0,0,75,30,11,12
2018-02-02,335.0,410,Cal,0,0,26,30,15,12
2018-02-03,439.0,410,Cal,0,0,63,30,12,12
2018-02-04,339.0,410,Cal,0,0,39,30,12,12
2018-02-05,449.0,450,Cal,0,0,61,30,13,12
2018-02-06,609.0,450,Cal,0,0,92,30,15,12
2018-02-07,286.0,450,Cal,0,0,20,30,11,12
2018-02-08,579.0,450,Cal,0,0,84,30,16,12
2018-02-09,384.0,450,Cal,0,0,36,30,14,12
2018-02-10,585.0,450,Cal,0,0,89,30,15,12
2018-02-11,356.0,450,Cal,0,0,55,30,11,12
2018-02-12,465.0,450,Cal,0,0,72,30,11,12
2018-02-13,497.0,450,Cal,0,0,68,30,14,12
2018-02-14,341.0,450,Cal,0,0,26,30,14,12
2018-02-15,508.0,450,Cal,0,0,63,30,16,12
2018-02-16,413.0,450,Cal,0,0,21,30,16,12
2018-02-17,372.0,450,Cal,0,0,14,30,16,12
2018-02-18,331.0,450,Cal,0,0,12,30,16,12
2018-02-19,581.0,450,Cal,0,0,84,30,14,12
2018-02-20,396.0,450,Cal,0,0,44,30,15,12
2018-02-21,800.0,450,Cal,0,0,146,30,15,12
2018-02-22,418.0,450,Cal,0,0,53,30,17,12
2018-02-23,201.0,450,Cal,0,0,5,30,15,12
2018-02-24,532.0,450,Cal,0,0,80,30,14,12
2018-02-25,595.0,450,Cal,0,0,92,30,16,12
2018-02-26,617.0,450,Cal,0,0,90,30,18,12
2018-02-27,515.0,450,Cal,0,0,73,30,13,12
2018-02-28,653.0,450,Cal,0,0,102,30,16,12
2018-03-01,809.0,450,Cal,0,0,133,30,15,12
2018-03-02,302.0,450,Cal,0,0,11,30,19,12
2018-03-03,303.0,450,Cal,0,0,18,30,13,12
2018-03-04,755.0,450,Cal,0,0,112,30,15,12
2018-03-05,657.0,450,Cal,0,0,104,30,16,12
2018-03-06,587.0,450,Cal,0,0,88,30,16,12
2018-03-07,288.0,450,Cal,0,0,19,30,16,12
2018-03-08,583.0,450,Cal,0,0,82,30,14,12
2018-03-09,385.0,450,Cal,0,0,47,30,12,12
2018-03-10,402.0,450,Cal,0,0,52,30,12,12
2018-03-11,647.0,450,Cal,0,0,109,30,11,12
2018-03-12,540.0,450,Cal,0,0,78,30,13,12
2018-03-13,239.0,450,Cal,0,0,2,30,16,12
2018-03-14,533.0,450,Cal,0,0,75,30,14,12
2018-03-15,604.0,450,Cal,0,0,82,30,18,12
2018-03-16,319.0,450,Cal,0,0,24,30,12,12
2018-03-17,464.0,450,Cal,0,0,56,30,15,12
2018-03-18,210.0,450,Cal,0,0,8,30,12,12
2018-03-19,545.0,450,Cal,0,0,85,30,12,12
2018-03-20,603.0,450,Cal,0,0,83,30,15,12
2018-03-21,301.0,450,Cal,0,0,20,30,12,12
2018-03-22,604.0,450,Cal,0,0,84,30,16,12
2018-03-23,459.0,450,Cal,0,0,66,30,12,12
2018-03-24,268.0,450,Cal,0,0,11,30,12,12
2018-03-25,451.0,450,Cal,0,0,63,30,14,12
2018-03-26,541.0,450,Cal,0,0,74,30,13,12
2018-03-27,540.0,450,Cal,0,0,69,30,13,12
2018-03-28,536.0,450,Cal,0,0,76,30,13,12
2018-03-29,833.0,450,Cal,0,0,134,30,17,12
2018-03-30,461.0,450,Cal,0,0,53,30,12,12
2018-03-31,639.0,450,Cal,0,0,128,30,13,12
2018-04-01,515.0,450,Cal,0,0,63,30,16,12
2018-04-02,552.0,450,Cal,0,0,76,30,14,12
2018-04-03,308.0,450,Cal,0,0,16,30,16,12
2018-04-04,377.0,450,Cal,0,0,35,30,12,12
2018-04-05,731.0,450,Cal,0,0,120,30,15,12
2018-04-06,453.0,450,Cal,0,0,50,30,17,12
2018-04-07,250.0,450,Cal,0,0,17,30,13,12
2018-04-08,401.0,450,Cal,0,0,54,30,15,12
2018-04-09,317.0,450,Cal,0,0,25,30,13,12
2018-04-10,622.0,450,Cal,0,0,94,30,15,12
2018-04-11,640.0,450,Cal,0,0,98,30,14,12
2018-04-12,533.0,450,Cal,0,0,79,30,14,12
2018-04-13,438.0,450,Cal,0,0,54,30,11,12
2018-04-14,426.0,450,Cal,0,0,61,30,11,12
2018-04-15,564.0,450,Cal,0,0,71,30,14,12
2018-04-16,240.0,450,Cal,0,0,9,30,14,12
2018-04-17,452.0,450,Cal,0,0,53,30,16,12
2018-04-18,404.0,450,Cal,0,0,50,30,12,12
2018-04-19,344.0,450,Cal,0,0,32,30,13,12
2018-04-20,432.0,450,Cal,0,0,29,30,15,12
2018-04-21,383.0,450,Cal,0,0,23,30,15,12
2018-04-22,374.0,450,Cal,0,0,16,30,12,12
2018-04-23,634.0,400,Cal,0,0,94,30,17,12
2018-04-24,608.0,400,Cal,0,0,99,30,16,12
2018-04-25,563.0,400,Cal,0,0,86,30,15,12
2018-04-26,751.0,400,Cal,0,0,120,30,15,12
2018-04-27,395.0,400,Cal,0,0,36,30,13,12
2018-04-28,633.0,400,Cal,0,0,121,30,11,12
2018-04-29,498.0,400,Cal,0,0,69,30,12,12
2018-04-30,567.0,400,Cal,0,0,81,30,14,12
2018-05-01,728.0,400,Cal,0,0,110,30,19,12
2018-05-02,649.0,400,Cal,0,0,96,30,17,12
2018-05-03,359.0,400,Cal,0,0,32,30,16,12
2018-05-04,304.0,400,Cal,0,0,27,30,9,12
2018-05-05,529.0,400,Cal,0,0,83,30,13,12
2018-05-06,432.0,400,Cal,0,0,60,30,13,12
2018-05-07,560.0,400,Cal,0,0,93,30,15,12
2018-05-08,621.0,400,Cal,0,0,98,30,14,12
2018-05-09,466.0,400,Cal,0,0,59,30,16,12
2018-05-10,608.0,400,Cal,0,0,95,30,14,12
2018-05-11,578.0,400,Cal,0,0,70,30,17,12
2018-05-12,401.0,400,Cal,0,0,43,30,16,12
2018-05-13,384.0,400,Cal,0,0,53,30,14,12
2018-05-14,344.0,400,Cal,0,0,33,30,14,12
2018-05-15,197.0,400,Cal,0,0,16,30,11,12
2018-05-16,261.0,400,Cal,0,0,20,30,14,12
2018-05-17,452.0,400,Cal,0,0,76,30,10,12
2018-05-18,328.0,400,Cal,0,0,25,30,13,12
2018-05-19,193.0,400,Cal,0,0,1,30,11,12
2018-05-20,356.0,400,Cal,0,0,57,30,9,12
2018-05-21,506.0,400,Cal,0,0,69,30,14,12
2018-05-22,444.0,400,Cal,0,0,54,30,17,12
2018-05-23,633.0,400,Cal,0,0,95,30,16,12
2018-05-24,335.0,400,Cal,0,0,58,30,10,12
2018-05-25,579.0,400,Cal,0,0,106,30,10,12
2018-05-26,329.0,400,Cal,0,0,40,30,13,12
2018-05-27,168.0,400,Cal,0,0,4,30,11,12
2018-05-28,429.0,400,Cal,0,0,65,30,13,12
2018-05-29,886.0,400,Cal,0,0,174,30,12,12
2018-05-30,355.0,400,Cal,0,0,32,30,15,12
2018-05-31,783.0,400,Cal,0,0,137,30,16,12
2018-06-01,402.0,400,Cal,0,0,37,30,14,12
2018-06-02,450.0,400,Cal,0,0,70,30,13,12
2018-06-03,500.0,400,Cal,0,0,87,30,12,12
2018-06-04,295.0,400,Cal,0,0,26,30,10,12
2018-06-05,301.0,400,Cal,0,0,27,30,11,12
2018-06-06,424.0,400,Cal,0,0,60,30,10,12
2018-06-07,572.0,400,Cal,0,0,87,30,16,12
2018-06-08,479.0,400,Cal,0,0,58,30,15,12
2018-06-09,330.0,400,Cal,0,0,27,30,15,12
2018-06-10,447.0,400,Cal,0,0,61,30,16,12
2018-06-11,527.0,400,Cal,0,0,78,30,11,12
2018-06-12,528.0,400,Cal,0,0,61,30,16,12
2018-06-13,429.0,400,Cal,0,0,53,30,15,12
2018-06-14,723.0,400,Cal,0,0,113,30,14,12
2018-06-15,475.0,400,Cal,0,0,64,30,15,12
2018-06-16,477.0,400,Cal,0,0,56,30,16,12
2018-06-17,370.0,400,Cal,0,0,42,30,13,12
2018-06-18,632.0,400,Cal,0,0,105,30,15,12
2018-06-19,398.0,400,Cal,0,0,45,30,15,12
2018-06-20,508.0,400,Cal,0,0,66,30,14,12
2018-06-21,813.0,400,Cal,0,0,134,30,14,12
2018-06-22,351.0,400,Cal,0,0,31,30,11,12
2018-06-23,303.0,400,Cal,0,0,13,30,13,12
2018-06-24,389.0,400,Cal,0,0,33,30,15,12
2018-06-25,825.0,400,Cal,0,0,150,30,15,12
2018-06-26,458.0,400,Cal,0,0,63,30,7,12
2018-06-27,396.0,400,Cal,0,0,33,30,13,12
2018-06-28,498.0,400,Cal,0,0,63,30,17,12
2018-06-29,243.0,400,Cal,0,0,15,30,13,12
2018-06-30,430.0,400,Cal,0,0,47,30,14,12
2018-07-01,546.0,400,Cal,0,0,74,30,15,12
2018-07-02,582.0,400,Cal,0,0,28,30,12,12
2018-07-03,354.0,400,Cal,0,0,5,30,12,12
2018-07-04,504.0,400,Cal,0,0,18,30,15,12
2018-07-05,443.0,400,Cal,0,0,14,30,16,12
2018-07-06,442.0,400,Cal,0,0,23,30,14,12
2018-07-07,362.0,400,Cal,0,0,32,30,16,12
2018-07-08,544.0,400,Cal,0,0,68,30,14,12
2018-07-09,762.0,400,Cal,0,0,127,30,16,12
2018-07-10,606.0,400,Cal,0,0,86,30,15,12
2018-07-11,325.0,400,Cal,0,0,21,30,14,12
2018-07-12,496.0,400,Cal,0,0,65,30,15,12
2018-07-13,405.0,400,Cal,0,0,47,30,11,12
2018-07-14,338.0,400,Cal,0,0,19,30,10,12
2018-07-15,569.0,400,Cal,0,0,76,30,9,12
2018-07-16,714.0,400,Cal,0,0,103,30,16,12
2018-07-17,254.0,400,Cal,0,0,9,30,13,12
2018-07-18,427.0,400,Cal,0,0,52,30,14,12
2018-07-19,801.0,400,Cal,0,0,133,30,14,12
2018-07-20,249.0,400,Cal,0,0,17,30,12,12
2018-07-21,571.0,400,Cal,0,0,86,30,15,12
2018-07-22,213.0,400,Cal,0,0,0,30,12,12
2018-07-23,622.0,400,Cal,0,0,96,30,14,12
2018-07-24,691.0,400,Cal,0,0,97,30,15,12
2018-07-25,337.0,400,Cal,0,0,20,30,16,12
2018-07-26,696.0,400,Cal,0,0,92,30,17,12
2018-07-27,262.0,400,Cal,0,0,19,30,10,12
2018-07-28,262.0,400,Cal,0,0,18,30,13,12
2018-07-29,261.0,400,Cal,0,0,15,30,11,12
2018-07-30,462.0,400,Cal,0,0,61,30,14,12
2018-07-31,300.0,400,Cal,0,0,19,30,15,12
2018-08-01,769.0,400,Cal,0,0,108,30,16,12
2018-08-02,685.0,400,Cal,0,0,84,30,17,12
2018-08-03,429.0,400,Cal,0,0,46,30,12,12
2018-08-04,171.0,400,Cal,0,0,4,30,11,12
2018-08-05,492.0,400,Cal,0,0,61,30,13,12
2018-08-06,529.0,400,Cal,0,0,83,30,12,12
2018-08-07,492.0,400,Cal,0,0,58,30,16,12
2018-08-08,352.0,400,Cal,0,0,19,30,14,12
2018-08-09,593.0,400,Cal,0,0,71,30,13,12
2018-08-10,340.0,400,Cal,0,0,6,30,16,12
2018-08-11,318.0,400,Cal,0,0,22,30,12,12
2018-08-12,455.0,400,Cal,0,0,53,30,10,12
2018-08-13,529.0,400,Cal,0,0,65,30,13,12
2018-08-14,539.0,400,Cal,0,0,72,30,13,12
2018-08-15,320.0,400,Cal,0,0,23,30,13,12
2018-08-16,382.0,400,Cal,0,0,39,30,12,12
2018-08-17,456.0,400,Cal,0,0,20,30,13,12
2018-08-18,550.0,400,Cal,0,0,31,30,13,12
2018-08-19,475.0,400,Cal,0,0,40,30,12,12
2018-08-20,318.0,400,Cal,0,0,9,30,15,12
2018-08-21,457.0,400,Cal,0,0,50,30,14,12
2018-08-22,351.0,400,Cal,0,0,21,30,12,12
2018-08-23,413.0,400,Cal,0,0,26,30,15,12
2018-08-24,269.0,400,Cal,0,0,8,30,15,12
2018-08-25,257.0,400,Cal,0,0,6,30,12,12
2018-08-26,239.0,400,Cal,0,0,8,30,14,12
2018-08-27,225.0,400,Cal,0,0,5,30,11,12
2018-08-28,342.0,400,Cal,0,0,17,30,13,12
2018-08-29,607.0,400,Cal,0,0,76,30,16,12
2018-08-30,384.0,400,Cal,0,0,21,30,13,12
2018-08-31,418.0,400,Cal,0,0,32,30,16,12
2018-09-01,652.0,400,Cal,0,0,48,30,19,12
2018-09-02,7.0,400,Cal,0,0,0,30,1,12
2018-09-03,0.0,400,Cal,0,0,0,30,0,12
2018-09-04,495.0,400,Cal,0,0,63,30,12,12
2018-09-05,601.0,400,Cal,0,0,89,30,13,12
2018-09-06,576.0,400,Cal,0,0,78,30,15,12
2018-09-07,422.0,400,Cal,0,0,36,30,14,12
2018-09-08,510.0,400,Cal,0,0,70,30,14,12
2018-09-09,190.0,400,Cal,0,0,1,30,12,12
2018-09-10,440.0,400,Cal,0,0,55,30,12,12
2018-09-11,548.0,400,Cal,0,0,86,30,12,12
2018-09-12,548.0,400,Cal,0,0,72,30,9,12
2018-09-13,688.0,400,Cal,0,0,107,30,13,12
2018-09-14,287.0,400,Cal,0,0,16,30,10,12
2018-09-15,488.0,400,Cal,0,0,68,30,14,12
2018-09-16,649.0,400,Cal,0,0,95,30,15,12
2018-09-17,537.0,400,Cal,0,0,77,30,12,12
2018-09-18,639.0,400,Cal,0,0,92,30,14,12
2018-09-19,552.0,400,Cal,0,0,83,30,15,12
2018-09-20,731.0,400,Cal,0,0,120,30,15,12
2018-09-21,233.0,400,Cal,0,0,19,30,10,12
2018-09-22,599.0,400,Cal,0,0,93,30,13,12
2018-09-23,365.0,400,Cal,0,0,32,30,14,12
2018-09-24,476.0,400,Cal,0,0,61,30,13,12
2018-09-25,622.0,400,Cal,0,0,89,30,15,12
2018-09-26,548.0,400,Cal,0,0,66,30,15,12
2018-09-27,662.0,400,Cal,0,0,106,30,14,12
2018-09-28,365.0,400,Cal,0,0,27,30,12,12
2018-09-29,383.0,400,Cal,0,0,14,30,15,12
2018-09-30,410.0,400,Cal,0,0,53,30,12,12
2018-10-01,491.0,400,Cal,0,0,55,30,15,12
2018-10-02,613.0,400,Cal,0,0,91,30,12,12
2018-10-03,473.0,400,Cal,0,0,72,30,9,12
2018-10-04,415.0,400,Cal,0,0,38,30,13,12
2018-10-05,236.0,400,Cal,0,0,1,30,10,12
2018-10-06,547.0,400,Cal,0,0,67,30,13,12
2018-10-07,471.0,400,Cal,0,0,58,30,13,12
2018-10-08,272.0,400,Cal,0,0,20,30,13,12
2018-10-09,801.0,400,Cal,0,0,128,30,13,12
2018-10-10,575.0,400,Cal,0,0,78,30,12,12
2018-10-11,474.0,400,Cal,0,0,60,30,12,12
2018-10-12,432.0,400,Cal,0,0,38,30,9,12
2018-10-13,349.0,400,Cal,0,0,15,30,13,12
2018-10-14,642.0,400,Cal,0,0,116,30,14,12
2018-10-15,435.0,400,Cal,0,0,58,30,11,12
2018-10-16,629.0,400,Cal,0,0,92,30,14,12
2018-10-17,382.0,400,Cal,0,0,23,30,16,12
2018-10-18,538.0,400,Cal,0,0,67,30,16,12
2018-10-19,327.0,400,Cal,0,0,22,30,13,12
2018-10-20,660.0,400,Cal,0,0,96,30,14,12
2018-10-21,560.0,400,Cal,0,0,82,30,12,12
2018-10-22,453.0,400,Cal,0,0,51,30,12,12
2018-10-23,514.0,400,Cal,0,0,58,30,16,12
2018-10-24,329.0,400,Cal,0,0,25,30,12,12
2018-10-25,489.0,400,Cal,0,0,55,30,14,12
2018-10-26,309.0,400,Cal,0,0,26,30,12,12
2018-10-27,222.0,400,Cal,0,0,6,30,10,12
2018-10-28,570.0,400,Cal,0,0,79,30,12,12
2018-10-29,295.0,400,Cal,0,0,13,30,12,12
2018-10-30,501.0,400,Cal,0,0,61,30,16,12
2018-10-31,661.0,400,Cal,0,0,97,30,17,12
2018-11-01,527.0,400,Cal,0,0,73,30,11,12
2018-11-02,318.0,400,Cal,0,0,19,30,13,12
2018-11-03,257.0,400,Cal,0,0,10,30,15,12
2018-11-04,492.0,400,Cal,0,0,66,30,12,12
2018-11-05,381.0,400,Cal,0,0,37,30,15,12
2018-11-06,474.0,400,Cal,0,0,41,30,16,12
2018-11-07,497.0,400,Cal,0,0,67,30,13,12
2018-11-08,597.0,400,Cal,0,0,75,30,14,12
2018-11-09,282.0,400,Cal,0,0,24,30,13,12
2018-11-10,492.0,400,Cal,0,0,68,30,14,12
2018-11-11,627.0,400,Cal,0,0,77,30,14,12
2018-11-12,414.0,400,Cal,0,0,45,30,15,12
2018-11-13,276.0,400,Cal,0,0,14,30,12,12
2018-11-14,262.0,400,Cal,0,0,9,30,12,12
2018-11-15,328.0,400,Cal,0,0,20,30,14,12
2018-11-16,341.0,400,Cal,0,0,31,30,13,12
2018-11-17,630.0,400,Cal,0,0,78,30,12,12
2018-11-18,431.0,400,Cal,0,0,50,30,11,12
2018-11-19,259.0,400,Cal,0,0,13,30,15,12
2018-11-20,316.0,400,Cal,0,0,10,30,14,12
2018-11-21,370.0,400,Cal,0,0,31,30,13,12
2018-11-22,294.0,400,Cal,0,0,3,30,12,12
2018-11-23,291.0,400,Cal,0,0,6,30,14,12
2018-11-24,276.0,400,Cal,0,0,4,30,15,12
2018-11-25,359.0,400,Cal,0,0,32,30,13,12
2018-11-26,416.0,360,Cal,0,0,40,30,14,12
2018-11-27,312.0,360,Cal,0,0,20,30,16,12
2018-11-28,876.0,350,Cal,0,0,132,30,16,12
2018-11-29,739.0,350,Cal,0,0,54,30,15,12
2018-11-30,611.0,350,Cal,0,0,42,30,16,12
2018-12-01,607.0,350,Cal,0,0,45,30,13,12
2018-12-02,309.0,350,Cal,0,0,0,30,15,12
2018-12-03,706.0,310,Cal,0,0,51,30,12,12
2018-12-04,884.0,310,Cal,0,0,76,30,12,12
2018-12-05,603.0,310,Cal,0,0,45,30,13,12
2018-12-06,858.0,310,Cal,0,0,70,30,13,12
2018-12-07,339.0,310,Cal,0,0,18,30,12,12
2018-12-08,653.0,310,Cal,0,0,56,30,11,12
2018-12-09,909.0,310,Cal,0,0,74,30,11,12
2018-12-10,680.0,310,Cal,0,0,44,30,14,12
2018-12-11,917.0,310,Cal,0,0,88,30,14,12
2018-12-12,499.0,310,Cal,0,0,48,30,13,12
2018-12-13,883.0,310,Cal,0,0,73,30,14,12
2018-12-14,490.0,310,Cal,0,0,37,30,13,12
2018-12-15,709.0,310,Cal,0,0,80,30,12,12
2018-12-16,905.0,310,Cal,0,0,68,30,14,12
2018-12-17,608.0,340,Cal,0,0,62,30,13,12
2018-12-18,921.0,340,Cal,0,0,71,30,17,12
2018-12-19,390.0,340,Cal,0,0,23,30,11,12
2018-12-20,996.0,340,Cal,0,0,82,30,14,12
2018-12-21,436.0,340,Cal,0,0,14,30,11,12
2018-12-22,786.0,340,Cal,0,0,47,30,14,12
2018-12-23,554.0,340,Cal,0,0,25,30,13,12
2018-12-24,519.0,370,Cal,0,0,14,30,15,12
2018-12-25,977.0,370,Cal,0,0,90,30,15,12
2018-12-26,747.0,370,Cal,0,0,45,30,15,12
2018-12-27,595.0,370,Cal,0,0,32,30,13,12
2018-12-28,582.0,370,Cal,0,0,27,30,14,12
2018-12-29,521.0,370,Cal,0,0,15,30,16,12
2018-12-30,399.0,370,Cal,0,0,2,30,14,12
2018-12-31,439.0,400,Cal,0,0,8,30,13,12
2019-01-01,422.0,400,Cal,0,0,7,30,13,12
2019-01-02,438.0,400,Cal,0,0,19,30,12,12
2019-01-03,672.0,400,Cal,0,0,44,30,13,12
2019-01-04,459.0,400,Cal,0,0,28,30,12,12
2019-01-05,713.0,400,Cal,0,0,49,30,13,12
2019-01-06,541.0,400,Cal,0,0,32,30,14,12
2019-01-07,265.0,440,Cal,0,0,0,30,12,12
2019-01-08,415.0,440,Cal,0,0,20,30,15,12
2019-01-09,609.0,440,Cal,0,0,40,30,13,12
2019-01-10,483.0,440,Cal,0,0,31,30,16,12
2019-01-11,558.0,440,Cal,0,0,34,30,14,12
2019-01-12,647.0,440,Cal,0,0,38,30,15,12
2019-01-13,417.0,440,Cal,0,0,29,30,14,12
2019-01-14,387.0,440,Cal,0,0,12,30,11,12
2019-01-15,991.0,440,Cal,0,0,81,30,16,12
2019-01-16,744.0,440,Cal,0,0,85,30,13,12
2019-01-17,924.0,440,Cal,0,0,81,30,14,12
2019-01-18,375.0,440,Cal,0,0,21,30,11,12
2019-01-19,465.0,440,Cal,0,0,35,30,13,12
2019-01-20,259.0,440,Cal,0,0,0,30,11,12
2019-01-21,446.0,440,Cal,0,0,21,30,11,12
2019-01-22,958.0,440,Cal,0,0,77,30,14,12
2019-01-23,474.0,440,Cal,0,0,27,30,12,12
2019-01-24,889.0,440,Cal,0,0,71,30,14,12
2019-01-25,633.0,440,Cal,0,0,45,30,16,12
2019-01-26,511.0,440,Cal,0,0,18,30,16,12
2019-01-27,1132.0,440,Cal,0,0,118,30,15,12
2019-01-28,390.0,440,Cal,0,0,13,30,13,12
2019-01-29,1090.0,440,Cal,0,0,82,30,18,12
2019-01-30,536.0,440,Cal,0,0,37,30,15,12
2019-01-31,572.0,440,Cal,0,0,30,30,14,12
2019-02-01,552.0,440,Cal,0,0,42,30,9,12
2019-02-02,449.0,440,Cal,0,0,35,30,9,12
2019-02-03,1280.0,440,Cal,0,0,143,30,13,12
2019-02-04,699.0,440,Cal,0,0,41,30,16,12
2019-02-05,841.0,440,Cal,0,0,66,30,13,12
2019-02-06,567.0,440,Cal,0,0,40,30,17,12
2019-02-07,337.0,440,Cal,0,0,1,30,12,12
2019-02-08,362.0,440,Cal,0,0,15,30,13,12
2019-02-09,390.0,440,Cal,0,0,15,30,8,12
2019-02-10,478.0,440,Cal,0,0,27,30,13,12
2019-02-11,331.0,440,Cal,0,0,10,30,12,12
2019-02-12,411.0,440,Cal,0,0,17,30,12,12
2019-02-13,455.0,440,Cal,0,0,31,30,14,12
2019-02-14,614.0,440,Cal,0,0,50,30,12,12
2019-02-15,629.0,440,Cal,0,0,64,30,11,12
2019-02-16,655.0,440,Cal,0,0,50,30,13,12
2019-02-17,341.0,440,Cal,0,0,15,30,9,12
2019-02-18,395.0,440,Cal,0,0,20,30,13,12
2019-02-19,479.0,440,Cal,0,0,11,30,11,12
2019-02-20,358.0,440,Cal,0,0,8,30,12,12
2019-02-21,545.0,440,Cal,0,0,21,30,15,12
2019-02-22,418.0,440,Cal,0,0,18,30,14,12
2019-02-23,621.0,440,Cal,0,0,51,30,12,12
2019-02-24,335.0,440,Cal,0,0,1,30,12,12
2019-02-25,422.0,440,Cal,0,0,16,30,12,12
2019-02-26,959.0,440,Cal,0,0,84,30,15,12
2019-02-27,598.0,440,Cal,0,0,35,30,15,12
2019-02-28,982.0,440,Cal,0,0,85,30,14,12
2019-03-01,370.0,440,Cal,0,0,5,30,14,12
2019-03-02,700.0,440,Cal,0,0,65,30,15,12
2019-03-03,823.0,440,Cal,0,0,69,30,14,12
2019-03-04,422.0,440,Cal,0,0,31,30,15,12
2019-03-05,899.0,440,Cal,0,0,73,30,13,12
2019-03-06,512.0,440,Cal,0,0,31,30,15,12
2019-03-07,862.0,440,Cal,0,0,66,30,13,12
2019-03-08,484.0,440,Cal,0,0,33,30,11,12
2019-03-09,517.0,440,Cal,0,0,50,30,13,12
2019-03-10,739.0,440,Cal,0,0,63,30,13,12
2019-03-11,299.0,440,Cal,0,0,7,30,11,12
2019-03-12,904.0,440,Cal,0,0,68,30,14,12
2019-03-13,364.0,440,Cal,0,0,13,30,11,12
2019-03-14,916.0,440,Cal,0,0,71,30,15,12
2019-03-15,550.0,440,Cal,0,0,40,30,13,12
2019-03-16,685.0,440,Cal,0,0,57,30,12,12
2019-03-17,670.0,440,Cal,0,0,8,30,15,12
2019-03-18,531.0,440,Cal,0,0,20,30,9,12
2019-03-19,386.0,440,Cal,0,0,27,30,9,12
2019-03-20,287.0,440,Cal,0,0,5,30,8,12
2019-03-21,353.0,440,Cal,0,0,14,30,9,12
2019-03-22,409.0,440,Cal,0,0,12,30,11,12
2019-03-23,367.0,440,Cal,0,0,17,30,10,12
2019-03-24,789.0,440,Cal,0,0,70,30,11,12
2019-03-25,1018.0,400,Cal,0,0,69,30,15,12
2019-03-26,428.0,400,Cal,0,0,13,30,14,12
2019-03-27,690.0,400,Cal,0,0,44,30,13,12
2019-03-28,612.0,400,Cal,0,0,49,30,15,12
2019-03-29,569.0,400,Cal,0,0,36,30,10,12
2019-03-30,338.0,400,Cal,0,0,16,30,7,12
2019-03-31,882.0,400,Cal,0,0,86,30,12,12
2019-04-01,356.0,400,Cal,0,0,6,30,12,12
2019-04-02,873.0,400,Cal,0,0,68,30,14,12
2019-04-03,572.0,400,Cal,0,0,37,30,15,12
2019-04-04,943.0,400,Cal,0,0,71,30,17,12
2019-04-05,378.0,400,Cal,0,0,12,30,13,12
2019-04-06,563.0,400,Cal,0,0,59,30,12,12
2019-04-07,481.0,400,Cal,0,0,40,30,12,12
2019-04-08,610.0,400,Cal,0,0,51,30,14,12
2019-04-09,998.0,400,Cal,0,0,81,30,14,12
2019-04-10,505.0,400,Cal,0,0,29,30,13,12
2019-04-11,1036.0,400,Cal,0,0,86,30,16,12
2019-04-12,298.0,400,Cal,0,0,0,30,11,12
2019-04-13,376.0,400,Cal,0,0,13,30,9,12
2019-04-14,754.0,400,Cal,0,0,61,30,8,12
2019-04-15,746.0,400,Cal,0,0,39,30,14,12
2019-04-16,964.0,400,Cal,0,0,85,30,13,12
2019-04-17,464.0,400,Cal,0,0,1,30,17,12
2019-04-18,1077.0,400,Cal,0,0,72,30,16,12
2019-04-19,450.0,400,Cal,0,0,17,30,12,12
2019-04-20,406.0,400,Cal,0,0,7,30,11,12
2019-04-21,862.0,400,Cal,0,0,70,30,9,12
2019-04-22,491.0,400,Cal,0,0,33,30,13,12
2019-04-23,451.0,400,Cal,0,0,18,30,12,12
2019-04-24,567.0,400,Cal,0,0,46,30,14,12
2019-04-25,954.0,400,Cal,0,0,68,30,15,12
2019-04-26,304.0,400,Cal,0,0,5,30,14,12
2019-04-27,989.0,400,Cal,0,0,92,30,14,12
2019-04-28,762.0,400,Cal,0,0,65,30,14,12
2019-04-29,382.0,440,Cal,0,0,12,30,11,12
2019-04-30,934.0,440,Cal,0,0,66,30,15,12
2019-05-01,484.0,440,Cal,0,0,24,30,17,12
2019-05-02,592.0,440,Cal,0,0,34,30,15,12
2019-05-03,390.0,440,Cal,0,0,15,30,14,12
2019-05-04,623.0,440,Cal,0,0,43,30,14,12
2019-05-05,474.0,440,Cal,0,0,16,30,13,12
2019-05-06,382.0,480,Cal,0,0,15,30,14,12
2019-05-07,913.0,480,Cal,0,0,65,30,15,12
2019-05-08,909.0,480,Cal,0,0,93,30,16,12
2019-05-09,844.0,480,Cal,0,0,71,30,12,12
2019-05-10,296.0,480,Cal,0,0,2,30,14,12
2019-05-11,611.0,480,Cal,0,0,66,30,10,12
2019-05-12,849.0,480,Cal,0,0,86,30,13,12
2019-05-13,548.0,480,Cal,0,0,48,30,12,12
2019-05-14,868.0,480,Cal,0,0,69,30,12,12
2019-05-15,791.0,480,Cal,0,0,48,30,9,12
2019-05-16,735.0,480,Cal,0,0,38,30,14,12
2019-05-17,569.0,480,Cal,0,0,55,30,13,12
2019-05-18,828.0,480,Cal,0,0,98,30,14,12
2019-05-19,860.0,480,Cal,0,0,83,30,13,12
2019-05-20,916.0,480,Cal,0,0,91,30,12,12
2019-05-21,970.0,480,Cal,0,0,90,30,14,12
2019-05-22,1026.0,480,Cal,0,0,98,30,16,12
2019-05-23,427.0,480,Cal,0,0,9,30,11,12
2019-05-24,799.0,480,Cal,0,0,40,30,14,12
2019-05-25,392.0,480,Cal,0,0,4,30,10,12
2019-05-26,351.0,480,Cal,0,0,2,30,15,12
2019-05-27,465.0,480,Cal,0,0,9,30,13,12
2019-05-28,462.0,480,Cal,0,0,32,30,14,12
2019-05-29,415.0,480,Cal,0,0,21,30,13,12
2019-05-30,496.0,480,Cal,0,0,34,30,13,12
2019-05-31,365.0,480,Cal,0,0,6,30,15,12
2019-06-01,358.0,480,Cal,0,0,17,30,13,12
2019-06-02,361.0,480,Cal,0,0,17,30,12,12
2019-06-03,377.0,480,Cal,0,0,12,30,10,12
2019-06-04,1146.0,480,Cal,0,0,100,30,18,12
2019-06-05,1039.0,480,Cal,0,0,103,30,15,12
2019-06-06,978.0,480,Cal,0,0,83,30,15,12
2019-06-07,636.0,480,Cal,0,0,46,30,14,12
2019-06-08,775.0,480,Cal,0,0,75,30,11,12
2019-06-09,464.0,480,Cal,0,0,45,30,10,12
2019-06-10,602.0,480,Cal,0,0,41,30,14,12
2019-06-11,956.0,480,Cal,0,0,74,30,15,12
2019-06-12,890.0,480,Cal,0,0,79,30,10,12
2019-06-13,730.0,480,Cal,0,0,50,30,15,12
2019-06-14,514.0,480,Cal,0,0,42,30,13,12
2019-06-15,419.0,480,Cal,0,0,31,30,10,12
2019-06-16,716.0,480,Cal,0,0,63,30,11,12
2019-06-17,391.0,480,Cal,0,0,20,30,14,12
2019-06-18,831.0,480,Cal,0,0,63,30,10,12
2019-06-19,696.0,480,Cal,0,0,50,30,11,12
2019-06-20,742.0,480,Cal,0,0,40,30,13,12
2019-06-21,545.0,480,Cal,0,0,33,30,16,12
2019-06-22,529.0,480,Cal,0,0,18,30,14,12
2019-06-23,357.0,480,Cal,0,0,9,30,12,12
2019-06-24,374.0,480,Cal,0,0,8,30,16,12
2019-06-25,1112.0,480,Cal,0,0,70,30,16,12
2019-06-26,404.0,480,Cal,0,0,2,30,14,12
2019-06-27,826.0,480,Cal,0,0,43,30,18,12
2019-06-28,482.0,480,Cal,0,0,8,30,15,12
2019-06-29,371.0,480,Cal,0,0,6,30,13,12
2019-06-30,389.0,480,Cal,0,0,7,30,12,12
2019-07-01,1113.0,480,Cal,0,0,78,30,15,12
2019-07-02,382.0,480,Cal,0,0,6,30,15,12
2019-07-03,466.0,480,Cal,0,0,11,30,16,12
2019-07-04,493.0,480,Cal,0,0,14,30,15,12
2019-07-05,397.0,480,Cal,0,0,8,30,13,12
2019-07-06,405.0,480,Cal,0,0,16,30,15,12
2019-07-07,439.0,480,Cal,0,0,15,30,13,12
2019-07-08,508.0,480,Cal,0,0,25,30,17,12
2019-07-09,849.0,480,Cal,0,0,60,30,12,12
2019-07-10,955.0,480,Cal,0,0,90,30,11,12
2019-07-11,857.0,480,Cal,0,0,57,30,14,12
2019-07-12,497.0,480,Cal,0,0,22,30,17,12
2019-07-13,392.0,480,Cal,0,0,9,30,15,12
2019-07-14,950.0,480,Cal,0,0,66,30,15,12
2019-07-15,396.0,480,Cal,0,0,12,30,16,12
2019-07-16,852.0,480,Cal,0,0,67,30,15,12
2019-07-17,583.0,480,Cal,0,0,21,30,13,12
2019-07-18,542.0,480,Cal,0,0,25,30,14,12
2019-07-19,644.0,480,Cal,0,0,31,30,14,12
2019-07-20,610.0,480,Cal,0,0,13,30,15,12
2019-07-21,509.0,480,Cal,0,0,12,30,14,12
2019-07-22,537.0,480,Cal,0,0,30,30,16,12
2019-07-23,316.0,480,Cal,0,0,0,30,16,12
2019-07-24,557.0,480,Cal,0,0,29,30,13,12
2019-07-25,997.0,480,Cal,0,0,87,30,14,12
2019-07-26,581.0,480,Cal,0,0,42,30,17,12
2019-07-27,319.0,480,Cal,0,0,7,30,12,12
2019-07-28,265.0,480,Cal,0,0,0,30,15,12
2019-07-29,519.0,480,Cal,0,0,27,30,13,12
2019-07-30,506.0,480,Cal,0,0,30,30,15,12
2019-07-31,898.0,480,Cal,0,0,69,30,16,12
2019-08-01,538.0,480,Cal,0,0,28,30,12,12
2019-08-02,399.0,480,Cal,0,0,12,30,13,12
2019-08-03,527.0,480,Cal,0,0,24,30,13,12
2019-08-04,831.0,480,Cal,0,0,70,30,12,12
2019-08-05,1008.0,480,Cal,0,0,75,30,18,12
2019-08-06,350.0,480,Cal,0,0,1,30,16,12
2019-08-07,1074.0,480,Cal,0,0,103,30,15,12
2019-08-08,955.0,480,Cal,0,0,135,30,16,12
2019-08-09,350.0,480,Cal,0,0,12,30,12,12
2019-08-10,531.0,480,Cal,0,0,53,30,10,12
2019-08-11,823.0,480,Cal,0,0,78,30,11,12
2019-08-12,896.0,480,Cal,0,0,80,30,13,12
2019-08-13,382.0,480,Cal,0,0,11,30,12,12
2019-08-14,1072.0,480,Cal,0,0,97,30,14,12
2019-08-15,683.0,480,Cal,0,0,43,30,15,12
2019-08-16,827.0,480,Cal,0,0,85,30,14,12
2019-08-17,362.0,480,Cal,0,0,16,30,12,12
2019-08-18,595.0,480,Cal,0,0,39,30,14,12
2019-08-19,882.0,470,Cal,0,0,63,30,16,12
2019-08-20,452.0,470,Cal,0,0,17,30,14,12
2019-08-21,954.0,470,Cal,0,0,78,30,15,12
2019-08-22,409.0,470,Cal,0,0,17,30,14,12
2019-08-23,315.0,470,Cal,0,0,6,30,10,12
2019-08-24,591.0,470,Cal,0,0,70,30,12,12
2019-08-25,204.0,470,Cal,0,0,0,30,12,12
2019-08-26,322.0,470,Cal,0,0,6,30,11,12
2019-08-27,343.0,470,Cal,0,0,0,30,16,12
2019-08-28,582.0,470,Cal,0,0,35,30,16,12
2019-08-29,508.0,470,Cal,0,0,13,30,15,12
2019-08-30,506.0,470,Cal,0,0,7,30,14,12
2019-08-31,469.0,470,Cal,0,0,7,30,15,12
2019-09-01,437.0,470,Cal,0,0,7,30,14,12
2019-09-02,417.0,470,Cal,0,0,6,30,13,12
2019-09-03,670.0,470,Cal,0,0,56,30,14,12
2019-09-04,490.0,470,Cal,0,0,13,30,13,12
2019-09-05,592.0,470,Cal,0,0,41,30,16,12
2019-09-06,540.0,470,Cal,0,0,20,30,13,12
2019-09-07,786.0,470,Cal,0,0,20,30,14,12
2019-09-08,563.0,470,Cal,0,0,10,30,14,12
2019-09-09,404.0,470,Cal,0,0,7,30,14,12
2019-09-10,429.0,470,Cal,0,0,20,30,12,12
2019-09-11,1048.0,470,Cal,0,0,78,30,14,12
2019-09-12,382.0,470,Cal,0,0,1,30,11,12
2019-09-13,573.0,470,Cal,0,0,29,30,14,12
2019-09-14,929.0,470,Cal,0,0,72,30,14,12
2019-09-15,863.0,470,Cal,0,0,104,30,14,12
2019-09-16,1208.0,470,Cal,0,0,120,30,14,12
2019-09-17,615.0,470,Cal,0,0,42,30,14,12
2019-09-18,393.0,470,Cal,0,0,1,30,11,12
2019-09-19,842.0,470,Cal,0,0,73,30,14,12
2019-09-20,395.0,470,Cal,0,0,13,30,12,12
2019-09-21,264.0,470,Cal,0,0,1,30,12,12
2019-09-22,479.0,470,Cal,0,0,17,30,16,12
2019-09-23,825.0,470,Cal,0,0,61,30,11,12
2019-09-24,547.0,470,Cal,0,0,54,30,10,12
2019-09-25,965.0,470,Cal,0,0,85,30,15,12
2019-09-26,544.0,470,Cal,0,0,53,30,12,12
2019-09-27,342.0,470,Cal,0,0,7,30,12,12
2019-09-28,374.0,470,Cal,0,0,3,30,13,12
2019-09-29,613.0,470,Cal,0,0,67,30,12,12
2019-09-30,300.0,470,Cal,0,0,7,30,15,12
2019-10-01,418.0,470,Cal,0,0,30,30,13,12
2019-10-02,320.0,470,Cal,0,0,1,30,13,12
2019-10-03,482.0,470,Cal,0,0,33,30,14,12
2019-10-04,365.0,470,Cal,0,0,17,30,15,12
2019-10-05,355.0,470,Cal,0,0,5,30,11,12
2019-10-06,471.0,470,Cal,0,0,15,30,12,12
2019-10-07,402.0,470,Cal,0,0,6,30,13,12
2019-10-08,289.0,470,Cal,0,0,1,30,14,12
2019-10-09,380.0,470,Cal,0,0,8,30,12,12
2019-10-10,386.0,470,Cal,0,0,4,30,15,12
2019-10-11,628.0,470,Cal,0,0,11,30,19,12
2019-10-12,459.0,470,Cal,0,0,10,30,13,12
2019-10-13,427.0,470,Cal,0,0,9,30,13,12
2019-10-14,890.0,420,Cal,0,0,69,30,15,12
2019-10-15,642.0,420,Cal,0,0,59,30,12,12
2019-10-16,410.0,420,Cal,0,0,23,30,12,12
2019-10-17,605.0,420,Cal,0,0,29,30,15,12
2019-10-18,331.0,420,Cal,0,0,14,30,12,12
2019-10-19,539.0,420,Cal,0,0,54,30,16,12
2019-10-20,744.0,420,Cal,0,0,56,30,18,12
2019-10-21,336.0,370,Cal,0,0,7,30,14,12
2019-10-22,381.0,370,Cal,0,0,19,30,13,12
2019-10-23,989.0,370,Cal,0,0,78,30,16,12
2019-10-24,637.0,370,Cal,0,0,64,30,14,12
2019-10-25,979.0,370,Cal,0,0,100,30,14,12
2019-10-26,605.0,370,Cal,0,0,34,30,15,12
2019-10-27,264.0,370,Cal,0,0,1,30,9,12
2019-10-28,912.0,370,Cal,0,0,80,30,10,12
2019-10-29,401.0,370,Cal,0,0,16,30,17,12
2019-10-30,898.0,370,Cal,0,0,69,30,13,12
2019-10-31,492.0,370,Cal,0,0,17,30,13,12
2019-11-01,356.0,370,Cal,0,0,14,30,14,12
2019-11-02,455.0,370,Cal,0,0,31,30,13,12
2019-11-03,351.0,370,Cal,0,0,12,30,10,12
2019-11-04,896.0,370,Cal,0,0,72,30,15,12
2019-11-05,437.0,370,Cal,0,0,20,30,13,12
2019-11-06,517.0,370,Cal,0,0,50,30,11,12
2019-11-07,455.0,370,Cal,0,0,26,30,13,12
2019-11-08,472.0,370,Cal,0,0,24,30,13,12
2019-11-09,338.0,370,Cal,0,0,6,30,11,12
2019-11-10,382.0,370,Cal,0,0,14,30,14,12
2019-11-11,289.0,370,Cal,0,0,1,30,12,12
2019-11-12,561.0,370,Cal,0,0,29,30,13,12
2019-11-13,361.0,370,Cal,0,0,5,30,10,12
2019-11-14,536.0,370,Cal,0,0,27,30,16,12
2019-11-15,347.0,370,Cal,0,0,6,30,11,12
2019-11-16,390.0,370,Cal,0,0,14,30,12,12
2019-11-17,422.0,370,Cal,0,0,35,30,9,12
2019-11-18,217.0,370,Cal,0,0,0,30,11,12
2019-11-19,260.0,370,Cal,0,0,9,30,11,12
2019-11-20,333.0,370,Cal,0,0,2,30,12,12
2019-11-21,369.0,370,Cal,0,0,2,30,12,12
2019-11-22,713.0,370,Cal,0,0,62,30,14,12
2019-11-23,441.0,370,Cal,0,0,8,30,14,12
2019-11-24,432.0,370,Cal,0,0,5,30,14,12
2019-11-25,448.0,370,Cal,0,0,14,30,15,12
2019-11-26,404.0,370,Cal,0,0,9,30,16,12
2019-11-27,446.0,370,Cal,0,0,5,30,12,12
2019-11-28,431.0,370,Cal,0,0,7,30,16,12
2019-11-29,450.0,370,Cal,0,0,12,30,13,12
2019-11-30,412.0,370,Cal,0,0,4,30,11,12
2019-12-01,645.0,370,Cal,0,0,40,30,14,12
2019-12-02,381.0,370,Cal,0,0,8,30,15,12
2019-12-03,363.0,370,Cal,0,0,3,30,14,12
2019-12-04,482.0,370,Cal,0,0,36,30,13,12
2019-12-05,431.0,370,Cal,0,0,16,30,10,12
2019-12-06,380.0,370,Cal,0,0,15,30,15,12
2019-12-07,429.0,370,Cal,0,0,17,30,14,12
2019-12-08,630.0,370,Cal,0,0,64,30,12,12
2019-12-09,231.0,370,Cal,0,0,1,30,10,12
2019-12-10,318.0,370,Cal,0,0,12,30,7,12
2019-12-11,858.0,370,Cal,0,0,84,30,13,12
2019-12-12,465.0,370,Cal,0,0,16,30,12,12
2019-12-13,405.0,370,Cal,0,0,24,30,11,12
2019-12-14,227.0,370,Cal,0,0,1,30,10,12
2019-12-15,501.0,370,Cal,0,0,33,30,15,12
2019-12-16,559.0,370,Cal,0,0,61,30,12,12
2019-12-17,353.0,370,Cal,0,0,11,30,12,12
2019-12-18,476.0,370,Cal,0,0,28,30,15,12
2019-12-19,433.0,370,Cal,0,0,20,30,15,12
2019-12-20,507.0,370,Cal,0,0,14,30,14,12
2019-12-21,360.0,370,Cal,0,0,13,30,13,12
2019-12-22,438.0,370,Cal,0,0,44,30,12,12
2019-12-23,747.0,370,Cal,0,0,57,30,14,12
2019-12-24,572.0,370,Cal,0,0,18,30,17,12
2019-12-25,515.0,370,Cal,0,0,21,30,14,12
2019-12-26,355.0,370,Cal,0,0,4,30,13,12
2019-12-27,936.0,370,Cal,0,0,87,30,16,12
2019-12-28,358.0,370,Cal,0,0,11,30,15,12
2019-12-29,643.0,370,Cal,0,0,48,30,12,12
2019-12-30,377.0,370,Cal,0,0,8,30,14,12
2019-12-31,481.0,370,Cal,0,0,10,30,14,12
2020-01-01,415.0,370,Cal,0,0,8,30,14,12
2020-01-02,353.0,370,Cal,0,0,9,30,11,12
2020-01-03,837.0,370,Cal,0,0,58,30,12,12
2020-01-04,662.0,370,Cal,0,0,41,30,15,12
2020-01-05,433.0,370,Cal,0,0,16,30,14,12
2020-01-06,276.0,370,Cal,0,0,6,30,15,12
2020-01-07,862.0,370,Cal,0,0,77,30,12,12
2020-01-08,929.0,370,Cal,0,0,79,30,14,12
2020-01-09,756.0,370,Cal,0,0,66,30,15,12
2020-01-10,722.0,370,Cal,0,0,57,30,15,12
2020-01-11,597.0,370,Cal,0,0,55,30,13,12
2020-01-12,638.0,370,Cal,0,0,67,30,12,12
2020-01-13,446.0,370,Cal,0,0,35,30,16,12
2020-01-14,720.0,370,Cal,0,0,65,30,15,12
2020-01-15,888.0,370,Cal,0,0,61,30,16,12
2020-01-16,499.0,370,Cal,0,0,34,30,14,12
2020-01-17,791.0,370,Cal,0,0,63,30,12,12
2020-01-18,380.0,370,Cal,0,0,5,30,15,12
2020-01-19,399.0,370,Cal,0,0,5,30,13,12
2020-01-20,651.0,400,Cal,0,0,27,30,16,12
2020-01-21,764.0,400,Cal,0,0,72,30,12,12
2020-01-22,403.0,400,Cal,0,0,16,30,15,12
2020-01-23,855.0,400,Cal,0,0,78,30,16,12
2020-01-24,289.0,400,Cal,0,0,6,30,13,12
2020-01-25,369.0,400,Cal,0,0,15,30,15,12
2020-01-26,958.0,400,Cal,0,0,84,30,12,12
2020-01-27,826.0,440,Cal,0,0,66,30,15,12
2020-01-28,433.0,440,Cal,0,0,25,30,13,12
2020-01-29,856.0,440,Cal,0,0,67,30,14,12
2020-01-30,334.0,440,Cal,0,0,3,30,15,12
2020-01-31,1281.0,440,Cal,0,0,116,30,14,12
2020-02-01,532.0,440,Cal,0,0,41,30,12,12
2020-02-02,260.0,440,Cal,0,0,0,30,11,12
2020-02-03,787.0,440,Cal,0,0,63,30,12,12
2020-02-04,358.0,440,Cal,0,0,20,30,14,12
2020-02-05,889.0,440,Cal,0,0,76,30,12,12
2020-02-06,813.0,440,Cal,0,0,61,30,15,12
2020-02-07,483.0,440,Cal,0,0,28,30,13,12
2020-02-08,455.0,440,Cal,0,0,30,30,11,12
2020-02-09,688.0,440,Cal,0,0,67,30,11,12
2020-02-10,285.0,440,Cal,0,0,7,30,11,12
2020-02-11,366.0,440,Cal,0,0,12,30,10,12
2020-02-12,882.0,440,Cal,0,0,70,30,14,12
2020-02-13,1102.0,440,Cal,0,0,107,30,16,12
2020-02-14,653.0,440,Cal,0,0,41,30,16,12
2020-02-15,911.0,440,Cal,0,0,78,30,17,12
2020-02-16,664.0,440,Cal,0,0,43,30,16,12
2020-02-17,899.0,440,Cal,0,0,71,30,16,12
2020-02-18,319.0,440,Cal,0,0,0,30,15,12
2020-02-19,861.0,440,Cal,0,0,70,30,16,12
2020-02-20,918.0,440,Cal,0,0,85,30,14,12
2020-02-21,262.0,440,Cal,0,0,0,30,8,12
2020-02-22,444.0,440,Cal,0,0,33,30,15,12
2020-02-23,248.0,440,Cal,0,0,2,30,12,12
2020-02-24,868.0,440,Cal,0,0,72,30,13,12
2020-02-25,548.0,440,Cal,0,0,27,30,13,12
2020-02-26,850.0,440,Cal,0,0,63,30,12,12
2020-02-27,421.0,440,Cal,0,0,26,30,14,12
2020-02-28,500.0,440,Cal,0,0,31,30,14,12
2020-02-29,375.0,440,Cal,0,0,18,30,12,12
2020-03-01,850.0,440,Cal,0,0,77,30,11,12
2020-03-02,722.0,440,Cal,0,0,66,30,11,12
2020-03-03,381.0,440,Cal,0,0,8,30,12,12
2020-03-04,897.0,440,Cal,0,0,68,30,14,12
2020-03-05,660.0,440,Cal,0,0,51,30,13,12
2020-03-06,891.0,440,Cal,0,0,82,30,16,12
2020-03-07,1098.0,440,Cal,0,0,123,30,12,12
2020-03-08,570.0,440,Cal,0,0,46,30,11,12
2020-03-09,248.0,440,Cal,0,0,5,30,11,12
2020-03-10,345.0,440,Cal,0,0,8,30,12,12
2020-03-11,277.0,440,Cal,0,0,1,30,10,12
2020-03-12,837.0,440,Cal,0,0,75,30,12,12
2020-03-13,392.0,440,Cal,0,0,10,30,13,12
2020-03-14,399.0,440,Cal,0,0,16,30,13,12
2020-03-15,267.0,440,Cal,0,0,1,30,13,12
2020-03-16,320.0,440,Cal,0,0,8,30,13,12
2020-03-17,349.0,440,Cal,0,0,5,30,12,12
2020-03-18,427.0,440,Cal,0,0,29,30,8,12
2020-03-19,269.0,440,Cal,0,0,4,30,13,12
2020-03-20,257.0,440,Cal,0,0,3,30,9,12
2020-03-21,290.0,440,Cal,0,0,5,30,11,12
2020-03-22,243.0,440,Cal,0,0,0,30,13,12
2020-03-23,463.0,390,Cal,0,0,40,30,12,12
2020-03-24,277.0,390,Cal,0,0,2,30,12,12
2020-03-25,276.0,390,Cal,0,0,0,30,8,12
2020-03-26,353.0,390,Cal,0,0,8,30,15,12
2020-03-27,691.0,390,Cal,0,0,58,30,12,12
2020-03-28,247.0,390,Cal,0,0,3,30,11,12
2020-03-29,264.0,390,Cal,0,0,3,30,12,12
2020-03-30,311.0,350,Cal,0,0,1,30,15,12
2020-03-31,342.0,350,Cal,0,0,8,30,13,12
2020-04-01,673.0,350,Cal,0,0,43,30,12,12
2020-04-02,467.0,350,Cal,0,0,27,30,14,12
2020-04-03,368.0,350,Cal,0,0,9,30,16,12
2020-04-04,301.0,350,Cal,0,0,2,30,13,12
2020-04-05,327.0,350,Cal,0,0,3,30,15,12
2020-04-06,352.0,310,Cal,0,0,18,30,12,12
2020-04-07,592.0,310,Cal,0,0,37,30,17,12
2020-04-08,591.0,310,Cal,0,0,39,30,14,12
2020-04-09,310.0,310,Cal,0,0,6,30,11,12
2020-04-10,266.0,310,Cal,0,0,1,30,12,12
2020-04-11,327.0,310,Cal,0,0,3,30,12,12
2020-04-12,417.0,310,Cal,0,0,31,30,13,12
2020-04-13,453.0,310,Cal,0,0,23,30,11,12
2020-04-14,508.0,310,Cal,0,0,35,30,14,12
2020-04-15,675.0,310,Cal,0,0,47,30,18,12
2020-04-16,366.0,310,Cal,0,0,7,30,9,12
2020-04-17,301.0,310,Cal,0,0,5,30,11,12
2020-04-18,359.0,310,Cal,0,0,8,30,10,12
2020-04-19,333.0,310,Cal,0,0,23,30,11,12
2020-04-20,315.0,310,Cal,0,0,8,30,12,12
2020-04-21,312.0,310,Cal,0,0,9,30,12,12
2020-04-22,287.0,310,Cal,0,0,4,30,10,12
2020-04-23,306.0,310,Cal,0,0,3,30,11,12
2020-04-24,274.0,310,Cal,0,0,3,30,10,12
2020-04-25,256.0,310,Cal,0,0,4,30,14,12
2020-04-26,601.0,310,Cal,0,0,30,30,14,12
2020-04-27,516.0,310,Cal,0,0,22,30,13,12
2020-04-28,833.0,310,Cal,0,0,75,30,15,12
2020-04-29,366.0,310,Cal,0,0,10,30,15,12
2020-04-30,324.0,310,Cal,0,0,4,30,14,12
2020-05-01,320.0,310,Cal,0,0,10,30,8,12
2020-05-02,299.0,310,Cal,0,0,5,30,12,12
2020-05-03,533.0,310,Cal,0,0,45,30,13,12
2020-05-04,817.0,310,Cal,0,0,86,30,16,12
2020-05-05,596.0,310,Cal,0,0,43,30,12,12
2020-05-06,517.0,310,Cal,0,0,21,30,15,12
2020-05-07,356.0,310,Cal,0,0,2,30,11,12
2020-05-08,781.0,310,Cal,0,0,62,30,17,12
2020-05-09,361.0,310,Cal,0,0,7,30,11,12
2020-05-10,342.0,310,Cal,0,0,6,30,15,12
2020-05-11,636.0,310,Cal,0,0,47,30,17,12
2020-05-12,512.0,310,Cal,0,0,38,30,12,12
2020-05-13,356.0,310,Cal,0,0,7,30,13,12
2020-05-14,283.0,310,Cal,0,0,4,30,11,12
2020-05-15,474.0,310,Cal,0,0,24,30,14,12
2020-05-16,476.0,310,Cal,0,0,40,30,10,12
2020-05-17,450.0,310,Cal,0,0,7,30,17,12
2020-05-18,365.0,340,Cal,0,0,13,30,11,12
2020-05-19,606.0,340,Cal,0,0,45,30,16,12
2020-05-20,322.0,340,Cal,0,0,4,30,11,12
2020-05-21,450.0,340,Cal,0,0,15,30,15,12
2020-05-22,513.0,340,Cal,0,0,37,30,13,12
2020-05-23,552.0,340,Cal,0,0,60,30,13,12
2020-05-24,296.0,340,Cal,0,0,5,30,16,12
2020-05-25,440.0,370,Cal,0,0,14,30,14,12
2020-05-26,624.0,370,Cal,0,0,47,30,14,12
2020-05-27,299.0,370,Cal,0,0,2,30,14,12
2020-05-28,365.0,370,Cal,0,0,5,30,15,12
2020-05-29,472.0,370,Cal,0,0,26,30,12,12
2020-05-30,608.0,370,Cal,0,0,41,30,16,12
2020-05-31,276.0,370,Cal,0,0,3,30,13,12
2020-06-01,317.0,370,Cal,0,0,3,30,12,12
2020-06-02,274.0,370,Cal,0,0,2,30,12,12
2020-06-03,860.0,370,Cal,0,0,85,30,16,12
2020-06-04,444.0,370,Cal,0,0,23,30,13,12
2020-06-05,302.0,370,Cal,0,0,4,30,10,12
2020-06-06,335.0,370,Cal,0,0,4,30,15,12
2020-06-07,364.0,370,Cal,0,0,8,30,17,12
2020-06-08,360.0,370,Cal,0,0,8,30,12,12
2020-06-09,316.0,370,Cal,0,0,5,30,11,12
2020-06-10,346.0,370,Cal,0,0,5,30,13,12
2020-06-11,292.0,370,Cal,0,0,1,30,15,12
2020-06-12,439.0,370,Cal,0,0,11,30,15,12
2020-06-13,485.0,370,Cal,0,0,26,30,16,12
2020-06-14,644.0,370,Cal,0,0,69,30,14,12
2020-06-15,705.0,370,Cal,0,0,66,30,13,12
2020-06-16,778.0,370,Cal,0,0,68,30,15,12
2020-06-17,749.0,370,Cal,0,0,62,30,14,12
2020-06-18,741.0,370,Cal,0,0,66,30,14,12
2020-06-19,403.0,370,Cal,0,0,3,30,16,12
2020-06-20,587.0,370,Cal,0,0,31,30,17,12
2020-06-21,544.0,370,Cal,0,0,42,30,13,12
2020-06-22,381.0,370,Cal,0,0,3,30,13,12
2020-06-23,348.0,370,Cal,0,0,1,30,17,12
2020-06-24,394.0,370,Cal,0,0,3,30,16,12
2020-06-25,813.0,370,Cal,0,0,58,30,15,12
2020-06-26,368.0,370,Cal,0,0,3,30,14,12
2020-06-27,366.0,370,Cal,0,0,12,30,12,12
2020-06-28,340.0,370,Cal,0,0,14,30,11,12
2020-06-29,356.0,370,Cal,0,0,5,30,13,12
2020-06-30,307.0,370,Cal,0,0,0,30,12,12
2020-07-01,454.0,370,Cal,0,0,28,30,16,12
2020-07-02,396.0,370,Cal,0,0,7,30,12,12
2020-07-03,362.0,370,Cal,0,0,8,30,15,12
2020-07-04,464.0,370,Cal,0,0,30,30,15,12
2020-07-05,364.0,370,Cal,0,0,5,30,16,12
2020-07-06,308.0,370,Cal,0,0,2,30,14,12
2020-07-07,307.0,370,Cal,0,0,2,30,12,12
2020-07-08,373.0,370,Cal,0,0,4,30,13,12
2020-07-09,604.0,370,Cal,0,0,48,30,15,12
2020-07-10,504.0,370,Cal,0,0,22,30,15,12
2020-07-11,416.0,370,Cal,0,0,23,30,11,12
2020-07-12,338.0,370,Cal,0,0,18,30,11,12
2020-07-13,706.0,370,Cal,0,0,49,30,13,12
2020-07-14,395.0,370,Cal,0,0,17,30,13,12
2020-07-15,580.0,370,Cal,0,0,33,30,12,12
2020-07-16,631.0,370,Cal,0,0,28,30,14,12
2020-07-17,368.0,370,Cal,0,0,11,30,13,12
2020-07-18,369.0,370,Cal,0,0,16,30,12,12
2020-07-19,677.0,370,Cal,0,0,48,30,13,12
2020-07-20,648.0,370,Cal,0,0,32,30,14,12
2020-07-21,421.0,370,Cal,0,0,23,30,14,12
2020-07-22,502.0,370,Cal,0,0,15,30,14,12
2020-07-23,762.0,370,Cal,0,0,57,30,15,12
2020-07-24,426.0,370,Cal,0,0,25,30,14,12
2020-07-25,394.0,370,Cal,0,0,14,30,14,12
2020-07-26,394.0,370,Cal,0,0,12,30,13,12
2020-07-27,664.0,370,Cal,0,0,54,30,13,12
2020-07-28,463.0,370,Cal,0,0,18,30,14,12
2020-07-29,540.0,370,Cal,0,0,27,30,12,12
2020-07-30,335.0,370,Cal,0,0,5,30,11,12
2020-07-31,368.0,370,Cal,0,0,2,30,14,12
2020-08-01,494.0,370,Cal,0,0,6,30,16,12
2020-08-02,715.0,370,Cal,0,0,20,30,16,12
2020-08-03,786.0,370,Cal,0,0,24,30,19,12
2020-08-04,574.0,370,Cal,0,0,20,30,12,12
2020-08-05,457.0,370,Cal,0,0,11,30,12,12
2020-08-06,357.0,370,Cal,0,0,4,30,12,12
2020-08-07,368.0,370,Cal,0,0,3,30,10,12
2020-08-08,497.0,370,Cal,0,0,20,30,14,12
2020-08-09,347.0,370,Cal,0,0,4,30,12,12
2020-08-10,294.0,370,Cal,0,0,3,30,11,12
2020-08-11,360.0,370,Cal,0,0,20,30,12,12
2020-08-12,349.0,370,Cal,0,0,1,30,11,12
2020-08-13,291.0,370,Cal,0,0,0,30,12,12
2020-08-14,293.0,370,Cal,0,0,7,30,13,12
2020-08-15,299.0,370,Cal,0,0,2,30,13,12
2020-08-16,352.0,370,Cal,0,0,9,30,12,12
2020-08-17,341.0,370,Cal,0,0,4,30,14,12
2020-08-18,285.0,370,Cal,0,0,2,30,10,12
2020-08-19,531.0,370,Cal,0,0,48,30,14,12
2020-08-20,328.0,370,Cal,0,0,4,30,14,12
2020-08-21,554.0,370,Cal,0,0,19,30,15,12
2020-08-22,544.0,370,Cal,0,0,20,30,14,12
2020-08-23,418.0,370,Cal,0,0,3,30,15,12
2020-08-24,534.0,370,Cal,0,0,10,30,16,12
2020-08-25,767.0,370,Cal,0,0,35,30,16,12
2020-08-26,585.0,370,Cal,0,0,25,30,14,12
2020-08-27,611.0,370,Cal,0,0,26,30,15,12
2020-08-28,1005.0,370,Cal,0,0,58,30,15,12
2020-08-29,437.0,370,Cal,0,0,19,30,11,12
2020-08-30,472.0,370,Cal,0,0,23,30,12,12
2020-08-31,743.0,370,Cal,0,0,45,30,14,12
2020-09-01,826.0,370,Cal,0,0,59,30,14,12
2020-09-02,464.0,370,Cal,0,0,25,30,15,12
2020-09-03,448.0,370,Cal,0,0,15,30,12,12
2020-09-04,549.0,370,Cal,0,0,36,30,14,12
2020-09-05,680.0,370,Cal,0,0,52,30,15,12
2020-09-06,506.0,370,Cal,0,0,38,30,11,12
2020-09-07,887.0,400,Cal,0,0,78,30,14,12
2020-09-08,649.0,400,Cal,0,0,55,30,13,12
2020-09-09,291.0,400,Cal,0,0,0,30,14,12
2020-09-10,761.0,400,Cal,0,0,66,30,11,12
2020-09-11,853.0,400,Cal,0,0,65,30,15,12
2020-09-12,405.0,400,Cal,0,0,23,30,11,12
2020-09-13,601.0,400,Cal,0,0,44,30,12,12
2020-09-14,541.0,440,Cal,0,0,35,30,14,12
2020-09-15,517.0,440,Cal,0,0,26,30,13,12
2020-09-16,728.0,440,Cal,0,0,66,30,14,12
2020-09-17,802.0,440,Cal,0,0,79,30,11,12
2020-09-18,330.0,440,Cal,0,0,6,30,13,12
2020-09-19,704.0,440,Cal,0,0,51,30,15,12
2020-09-20,340.0,440,Cal,0,0,3,30,14,12
2020-09-21,747.0,480,Cal,0,0,65,30,13,12
2020-09-22,353.0,480,Cal,0,0,7,30,14,12
2020-09-23,696.0,480,Cal,0,0,47,30,13,12
2020-09-24,481.0,480,Cal,0,0,30,30,12,12
2020-09-25,584.0,480,Cal,0,0,35,30,16,12
2020-09-26,344.0,480,Cal,0,0,2,30,10,12
2020-09-27,519.0,480,Cal,0,0,43,30,13,12
2020-09-28,734.0,480,Cal,0,0,60,30,10,12
2020-09-29,584.0,480,Cal,0,0,43,30,11,12
2020-09-30,294.0,480,Cal,0,0,1,30,13,12
2020-10-01,843.0,480,Cal,0,0,82,30,14,12
2020-10-02,676.0,480,Cal,0,0,62,30,11,12
2020-10-03,336.0,480,Cal,0,0,12,30,10,12
2020-10-04,418.0,480,Cal,0,0,19,30,14,12
2020-10-05,664.0,480,Cal,0,0,41,30,14,12
2020-10-06,440.0,480,Cal,0,0,16,30,14,12
2020-10-07,965.0,480,Cal,0,0,107,30,15,12
2020-10-08,422.0,480,Cal,0,0,9,30,13,12
2020-10-09,565.0,480,Cal,0,0,39,30,11,12
2020-10-10,884.0,480,Cal,0,0,80,30,14,12
2020-10-11,321.0,480,Cal,0,0,4,30,9,12
2020-10-12,490.0,480,Cal,0,0,20,30,15,12
2020-10-13,287.0,480,Cal,0,0,1,30,9,12
2020-10-14,779.0,480,Cal,0,0,58,30,16,12
2020-10-15,664.0,480,Cal,0,0,40,30,13,12
2020-10-16,335.0,480,Cal,0,0,4,30,13,12
2020-10-17,324.0,480,Cal,0,0,2,30,13,12
2020-10-18,335.0,480,Cal,0,0,3,30,13,12
2020-10-19,388.0,480,Cal,0,0,3,30,17,12
2020-10-20,337.0,480,Cal,0,0,1,30,14,12
2020-10-21,688.0,480,Cal,0,0,42,30,13,12
2020-10-22,746.0,480,Cal,0,0,51,30,18,12
2020-10-23,807.0,480,Cal,0,0,56,30,15,12
2020-10-24,470.0,480,Cal,0,0,18,30,16,12
2020-10-25,376.0,480,Cal,0,0,2,30,13,12
2020-10-26,369.0,480,Cal,0,0,1,30,11,12
2020-10-27,323.0,480,Cal,0,0,1,30,14,12
2020-10-28,660.0,480,Cal,0,0,28,30,16,12
2020-10-29,597.0,480,Cal,0,0,40,30,14,12
2020-10-30,612.0,480,Cal,0,0,37,30,13,12
2020-10-31,1079.0,480,Cal,0,0,120,30,16,12
2020-11-01,769.0,480,Cal,0,0,68,30,16,12
2020-11-02,805.0,480,Cal,0,0,78,30,11,12
2020-11-03,748.0,480,Cal,0,0,64,30,15,12
2020-11-04,785.0,480,Cal,0,0,60,30,15,12
2020-11-05,443.0,480,Cal,0,0,15,30,16,12
2020-11-06,779.0,480,Cal,0,0,65,30,15,12
2020-11-07,693.0,480,Cal,0,0,69,30,14,12
2020-11-08,993.0,480,Cal,0,0,106,30,12,12
2020-11-09,727.0,480,Cal,0,0,57,30,11,12
2020-11-10,700.0,480,Cal,0,0,59,30,15,12
2020-11-11,817.0,480,Cal,0,0,73,30,16,12
2020-11-12,427.0,480,Cal,0,0,26,30,12,12
2020-11-13,699.0,480,Cal,0,0,63,30,14,12
2020-11-14,524.0,480,Cal,0,0,33,30,14,12
2020-11-15,623.0,480,Cal,0,0,41,30,15,12
2020-11-16,303.0,480,Cal,0,0,5,30,12,12
2020-11-17,827.0,480,Cal,0,0,86,30,15,12
2020-11-18,734.0,480,Cal,0,0,56,30,14,12
2020-11-19,587.0,480,Cal,0,0,49,30,16,12
2020-11-20,335.0,480,Cal,0,0,11,30,8,12
2020-11-21,888.0,480,Cal,0,0,74,30,10,12
2020-11-22,987.0,480,Cal,0,0,93,30,12,12
2020-11-23,432.0,480,Cal,0,0,23,30,9,12
2020-11-24,344.0,480,Cal,0,0,5,30,13,12
2020-11-25,781.0,480,Cal,0,0,65,30,13,12
2020-11-26,976.0,480,Cal,0,0,114,30,9,12
2020-11-27,378.0,480,Cal,0,0,9,30,10,12
2020-11-28,795.0,480,Cal,0,0,83,30,13,12
2020-11-29,889.0,480,Cal,0,0,100,30,13,12
2020-11-30,394.0,480,Cal,0,0,15,30,14,12
2020-12-01,907.0,480,Cal,0,0,81,30,12,12
2020-12-02,544.0,480,Cal,0,0,42,30,17,12
2020-12-03,766.0,480,Cal,0,0,66,30,14,12
2020-12-04,865.0,480,Cal,0,0,83,30,14,12
2020-12-05,808.0,480,Cal,0,0,66,30,13,12
2020-12-06,308.0,480,Cal,0,0,2,30,9,12
2020-12-07,799.0,480,Cal,0,0,74,30,11,12
2020-12-08,612.0,480,Cal,0,0,43,30,12,12
2020-12-09,422.0,480,Cal,0,0,3,30,18,12
2020-12-10,654.0,480,Cal,0,0,36,30,15,12
2020-12-11,924.0,480,Cal,0,0,57,30,12,12
2020-12-12,535.0,480,Cal,0,0,32,30,14,12
2020-12-13,444.0,480,Cal,0,0,18,30,16,12
2020-12-14,818.0,480,Cal,0,0,50,30,12,12
2020-12-15,410.0,480,Cal,0,0,10,30,13,12
2020-12-16,864.0,480,Cal,0,0,51,30,13,12
2020-12-17,501.0,480,Cal,0,0,24,30,13,12
2020-12-18,470.0,480,Cal,0,0,15,30,12,12
2020-12-19,324.0,480,Cal,0,0,5,30,11,12
2020-12-20,465.0,480,Cal,0,0,28,30,13,12
2020-12-21,397.0,480,Cal,0,0,11,30,12,12
2020-12-22,1172.0,480,Cal,0,0,89,30,15,12
2020-12-23,775.0,480,Cal,0,0,72,30,16,12
2020-12-24,396.0,480,Cal,0,0,10,30,12,12
2020-12-25,783.0,480,Cal,0,0,36,30,11,12
2020-12-26,392.0,480,Cal,0,0,11,30,10,12
2020-12-27,1016.0,480,Cal,0,0,68,30,15,12
2020-12-28,532.0,480,Cal,0,0,26,30,13,12
2020-12-29,763.0,480,Cal,0,0,43,30,15,12
2020-12-30,374.0,480,Cal,0,0,13,30,11,12
2020-12-31,462.0,480,Cal,0,0,18,30,14,12
2021-01-01,792.0,480,Cal,0,0,41,30,12,12
2021-01-02,670.0,480,Cal,0,0,67,30,15,12
2021-01-03,868.0,480,Cal,0,0,55,30,15,12
2021-01-04,586.0,480,Cal,0,0,54,30,14,12
2021-01-05,447.0,480,Cal,0,0,22,30,14,12
2021-01-06,354.0,480,Cal,0,0,7,30,10,12
2021-01-07,471.0,480,Cal,0,0,22,30,11,12
2021-01-08,750.0,480,Cal,0,0,35,30,16,12
2021-01-09,660.0,480,Cal,0,0,38,30,12,12
2021-01-10,355.0,480,Cal,0,0,8,30,15,12
2021-01-11,707.0,480,Cal,0,0,40,30,13,12
2021-01-12,411.0,480,Cal,0,0,13,30,11,12
2021-01-13,488.0,480,Cal,0,0,25,30,15,12
2021-01-14,391.0,480,Cal,0,0,11,30,14,12
2021-01-15,481.0,480,Cal,0,0,25,30,15,12
2021-01-16,614.0,480,Cal,0,0,51,30,13,12
2021-01-17,918.0,480,Cal,0,0,72,30,17,12
2021-01-18,671.0,480,Cal,0,0,44,30,13,12
2021-01-19,281.0,480,Cal,0,0,0,30,10,12
2021-01-20,966.0,480,Cal,0,0,76,30,14,12
2021-01-21,476.0,480,Cal,0,0,23,30,12,12
2021-01-22,580.0,480,Cal,0,0,43,30,12,12
2021-01-23,495.0,480,Cal,0,0,41,30,14,12
2021-01-24,620.0,480,Cal,0,0,52,30,11,12
2021-01-25,406.0,480,Cal,0,0,12,30,14,12
2021-01-26,698.0,480,Cal,0,0,64,30,13,12
2021-01-27,567.0,480,Cal,0,0,32,30,12,12
2021-01-28,401.0,480,Cal,0,0,7,30,13,12
2021-01-29,447.0,480,Cal,0,0,30,30,15,12
2021-01-30,437.0,480,Cal,0,0,19,30,11,12
2021-01-31,321.0,480,Cal,0,0,3,30,12,12
2021-02-01,361.0,480,Cal,0,0,2,30,15,12
2021-02-02,356.0,480,Cal,0,0,2,30,14,12
2021-02-03,316.0,480,Cal,0,0,1,30,11,12
2021-02-04,629.0,480,Cal,0,0,31,30,16,12
2021-02-05,293.0,480,Cal,0,0,2,30,12,12
2021-02-06,280.0,480,Cal,0,0,4,30,11,12
2021-02-07,274.0,480,Cal,0,0,4,30,14,12
2021-02-08,514.0,430,Cal,0,0,29,30,15,12
2021-02-09,327.0,430,Cal,0,0,4,30,13,12
2021-02-10,365.0,430,Cal,0,0,2,30,12,12
2021-02-11,556.0,430,Cal,0,0,23,30,15,12
2021-02-12,266.0,430,Cal,0,0,1,30,12,12
2021-02-13,508.0,430,Cal,0,0,44,30,13,12
2021-02-14,333.0,430,Cal,0,0,7,30,10,12
2021-02-15,650.0,380,Cal,0,0,29,30,12,12
2021-02-16,602.0,380,Cal,0,0,36,30,10,12
2021-02-17,339.0,380,Cal,0,0,3,30,10,12
2021-02-18,609.0,380,Cal,0,0,40,30,12,12
2021-02-19,656.0,380,Cal,0,0,45,30,14,12
2021-02-20,319.0,380,Cal,0,0,2,30,11,12
2021-02-21,460.0,380,Cal,0,0,24,30,14,12
2021-02-22,544.0,380,Cal,0,0,32,30,14,12
2021-02-23,554.0,380,Cal,0,0,35,30,14,12
2021-02-24,759.0,380,Cal,0,0,66,30,14,12
2021-02-25,870.0,380,Cal,0,0,73,30,14,12
2021-02-26,742.0,380,Cal,0,0,85,30,13,12
2021-02-27,694.0,380,Cal,0,0,58,30,13,12
2021-02-28,649.0,380,Cal,0,0,53,30,12,12
2021-03-01,946.0,380,Cal,0,0,86,30,15,12
2021-03-02,706.0,380,Cal,0,0,46,30,16,12
2021-03-03,754.0,380,Cal,0,0,81,30,11,12
2021-03-04,864.0,380,Cal,0,0,90,30,12,12
2021-03-05,671.0,380,Cal,0,0,50,30,12,12
2021-03-06,398.0,380,Cal,0,0,18,30,11,12
2021-03-07,774.0,380,Cal,0,0,95,30,15,12
2021-03-08,928.0,410,Cal,0,0,94,30,14,12
2021-03-09,798.0,410,Cal,0,0,90,30,12,12
2021-03-10,1016.0,410,Cal,0,0,106,30,13,12
2021-03-11,738.0,410,Cal,0,0,78,30,12,12
2021-03-12,912.0,410,Cal,0,0,80,30,14,12
2021-03-13,667.0,410,Cal,0,0,65,30,11,12
2021-03-14,444.0,410,Cal,0,0,60,30,12,12
2021-03-15,977.0,450,Cal,0,0,75,30,13,12
2021-03-16,838.0,450,Cal,0,0,104,30,15,12
2021-03-17,739.0,450,Cal,0,0,82,30,11,12
2021-03-18,552.0,450,Cal,0,0,26,30,10,12
2021-03-19,848.0,450,Cal,0,0,74,30,17,12
2021-03-20,458.0,450,Cal,0,0,27,30,9,12
2021-03-21,959.0,450,Cal,0,0,105,30,15,12
2021-03-22,532.0,490,Cal,0,0,50,30,13,12
2021-03-23,762.0,490,Cal,0,0,84,30,13,12
2021-03-24,627.0,490,Cal,0,0,54,30,15,12
2021-03-25,928.0,490,Cal,0,0,92,30,15,12
2021-03-26,503.0,490,Cal,0,0,44,30,14,12
2021-03-27,801.0,490,Cal,0,0,80,30,16,12
2021-03-28,782.0,490,Cal,0,0,52,30,13,12
2021-03-29,508.0,500,Cal,0,0,44,30,12,12
2021-03-30,751.0,500,Cal,0,0,68,30,14,12
2021-03-31,717.0,500,Cal,0,0,71,30,14,12
2021-04-01,529.0,500,Cal,0,0,36,30,15,12
2021-04-02,587.0,500,Cal,0,0,50,30,14,12
2021-04-03,540.0,500,Cal,0,0,47,30,12,12
2021-04-04,556.0,500,Cal,0,0,49,30,14,12
2021-04-05,667.0,500,Cal,0,0,36,30,14,12
2021-04-06,715.0,500,Cal,0,0,80,30,15,12
2021-04-07,905.0,500,Cal,0,0,93,30,15,12
2021-04-08,925.0,500,Cal,0,0,94,30,15,12
2021-04-09,1081.0,500,Cal,0,0,116,30,14,12
2021-04-10,673.0,500,Cal,0,0,59,30,15,12
2021-04-11,506.0,500,Cal,0,0,42,30,10,12
2021-04-12,529.0,500,Cal,0,0,29,30,11,12
2021-04-13,607.0,500,Cal,0,0,54,30,15,12
2021-04-14,772.0,500,Cal,0,0,68,30,13,12
2021-04-15,565.0,500,Cal,0,0,44,30,15,12
2021-04-16,506.0,500,Cal,0,0,31,30,18,12
2021-04-17,583.0,500,Cal,0,0,36,30,9,12
2021-04-18,532.0,500,Cal,0,0,48,30,13,12
2021-04-19,578.0,500,Cal,0,0,42,30,17,12
2021-04-20,801.0,500,Cal,0,0,81,30,16,12
2021-04-21,726.0,500,Cal,0,0,64,30,15,12
2021-04-22,927.0,500,Cal,0,0,85,30,11,12
2021-04-23,523.0,500,Cal,0,0,44,30,13,12
2021-04-24,526.0,500,Cal,0,0,46,30,13,12
2021-04-25,550.0,500,Cal,0,0,43,30,13,12
2021-04-26,576.0,500,Cal,0,0,39,30,17,12
2021-04-27,838.0,500,Cal,0,0,85,30,13,12
2021-04-28,719.0,500,Cal,0,0,65,30,13,12
2021-04-29,738.0,500,Cal,0,0,60,30,10,12
2021-04-30,742.0,500,Cal,0,0,71,30,10,12
2021-05-01,784.0,500,Cal,0,0,74,30,13,12
2021-05-02,821.0,500,Cal,0,0,91,30,13,12
2021-05-03,955.0,550,Cal,0,0,84,30,14,12
2021-05-04,899.0,550,Cal,0,0,76,30,12,12
2021-05-05,603.0,550,Cal,0,0,56,30,15,12
2021-05-06,565.0,550,Cal,0,0,47,30,12,12
2021-05-07,595.0,550,Cal,0,0,53,30,14,12
2021-05-08,820.0,550,Cal,0,0,50,30,13,12
2021-05-09,759.0,550,Cal,0,0,77,30,15,12
2021-05-10,531.0,500,Cal,0,0,40,30,14,12
2021-05-11,916.0,500,Cal,0,0,102,30,13,12
2021-05-12,684.0,500,Cal,0,0,50,30,13,12
2021-05-13,502.0,500,Cal,0,0,18,30,14,12
2021-05-14,507.0,500,Cal,0,0,19,30,16,12
2021-05-15,503.0,500,Cal,0,0,18,30,15,12
2021-05-16,623.0,500,Cal,0,0,32,30,16,12
2021-05-17,524.0,500,Cal,0,0,28,30,16,12
2021-05-18,478.0,500,Cal,0,0,32,30,13,12
2021-05-19,495.0,500,Cal,0,0,30,30,13,12
2021-05-20,442.0,500,Cal,0,0,13,30,13,12
2021-05-21,537.0,500,Cal,0,0,21,30,14,12
2021-05-22,438.0,500,Cal,0,0,10,30,14,12
2021-05-23,889.0,500,Cal,0,0,54,30,16,12
2021-05-24,573.0,500,Cal,0,0,31,30,11,12
2021-05-25,347.0,500,Cal,0,0,8,30,12,12
2021-05-26,432.0,500,Cal,0,0,18,30,12,12
2021-05-27,422.0,500,Cal,0,0,12,30,14,12
2021-05-28,392.0,500,Cal,0,0,7,30,14,12
2021-05-29,609.0,500,Cal,0,0,39,30,17,12
2021-05-30,466.0,500,Cal,0,0,19,30,14,12
2021-05-31,569.0,500,Cal,0,0,36,30,13,12
2021-06-01,445.0,500,Cal,0,0,21,30,13,12
2021-06-02,407.0,500,Cal,0,0,25,30,9,12
2021-06-03,453.0,500,Cal,0,0,16,30,14,12
2021-06-04,483.0,500,Cal,0,0,25,30,15,12
2021-06-05,486.0,500,Cal,0,0,28,30,14,12
2021-06-06,580.0,500,Cal,0,0,41,30,15,12
2021-06-07,431.0,450,Cal,0,0,15,30,13,12
2021-06-08,486.0,450,Cal,0,0,26,30,13,12
2021-06-09,747.0,450,Cal,0,0,38,30,15,12
2021-06-10,498.0,450,Cal,0,0,34,30,13,12
2021-06-11,547.0,450,Cal,0,0,27,30,15,12
2021-06-12,613.0,450,Cal,0,0,49,30,15,12
2021-06-13,869.0,450,Cal,0,0,51,30,15,12
2021-06-14,506.0,450,Cal,0,0,19,30,15,12
2021-06-15,501.0,450,Cal,0,0,30,30,13,12
2021-06-16,551.0,450,Cal,0,0,42,30,10,12
2021-06-17,966.0,450,Cal,0,0,72,30,12,12
2021-06-18,377.0,450,Cal,0,0,13,30,13,12
2021-06-19,593.0,450,Cal,0,0,57,30,15,12
2021-06-20,842.0,450,Cal,0,0,79,30,13,12
2021-06-21,1053.0,450,Cal,0,0,81,30,15,12
2021-06-22,437.0,450,Cal,0,0,16,30,13,12
2021-06-23,963.0,450,Cal,0,0,91,30,16,12
2021-06-24,881.0,450,Cal,0,0,86,30,15,12
2021-06-25,317.0,450,Cal,0,0,6,30,14,12
2021-06-26,802.0,450,Cal,0,0,45,30,13,12
2021-06-27,366.0,450,Cal,0,0,8,30,16,12
2021-06-28,406.0,450,Cal,0,0,20,30,13,12
2021-06-29,805.0,450,Cal,0,0,64,30,14,12
2021-06-30,640.0,450,Cal,0,0,32,30,14,12
2021-07-01,867.0,450,Cal,0,0,66,30,14,12
2021-07-02,537.0,450,Cal,0,0,43,30,16,12
2021-07-03,832.0,450,Cal,0,0,54,30,13,12
2021-07-04,623.0,450,Cal,0,0,51,30,13,12
2021-07-05,798.0,450,Cal,0,0,73,30,15,12
2021-07-06,812.0,450,Cal,0,0,98,30,14,12
2021-07-07,716.0,450,Cal,0,0,49,30,12,12
2021-07-08,353.0,450,Cal,0,0,6,30,15,12
2021-07-09,455.0,450,Cal,0,0,16,30,14,12
2021-07-10,314.0,450,Cal,0,0,6,30,12,12
2021-07-11,592.0,450,Cal,0,0,48,30,14,12
2021-07-12,893.0,450,Cal,0,0,65,30,14,12
2021-07-13,804.0,450,Cal,0,0,70,30,15,12
2021-07-14,661.0,450,Cal,0,0,52,30,15,12
2021-07-15,473.0,450,Cal,0,0,20,30,13,12
2021-07-16,1006.0,450,Cal,0,0,90,30,15,12
2021-07-17,841.0,450,Cal,0,0,96,30,13,12
2021-07-18,672.0,450,Cal,0,0,61,30,15,12
2021-07-19,670.0,450,Cal,0,0,64,30,15,12
2021-07-20,671.0,450,Cal,0,0,62,30,12,12
2021-07-21,1076.0,450,Cal,0,0,133,30,16,12
2021-07-22,523.0,450,Cal,0,0,42,30,11,12
2021-07-23,307.0,450,Cal,0,0,5,30,11,12
2021-07-24,893.0,450,Cal,0,0,106,30,13,12
2021-07-25,983.0,450,Cal,0,0,79,30,13,12
2021-07-26,810.0,490,Cal,0,0,60,30,14,12
2021-07-27,665.0,490,Cal,0,0,58,30,13,12
2021-07-28,525.0,490,Cal,0,0,47,30,16,12
2021-07-29,1003.0,490,Cal,0,0,75,30,11,12
2021-07-30,787.0,490,Cal,0,0,82,30,15,12
2021-07-31,946.0,490,Cal,0,0,107,30,16,12
2021-08-01,1056.0,490,Cal,0,0,91,30,13,12
2021-08-02,513.0,500,Cal,0,0,47,30,16,12
2021-08-03,1429.0,500,Cal,0,0,123,30,16,12
2021-08-04,853.0,500,Cal,0,0,92,30,17,12
2021-08-05,905.0,500,Cal,0,0,76,30,15,12
2021-08-06,639.0,500,Cal,0,0,57,30,15,12
2021-08-07,481.0,500,Cal,0,0,56,30,12,12
2021-08-08,578.0,500,Cal,0,0,51,30,13,12
2021-08-09,1330.0,550,Cal,0,0,112,30,15,12
2021-08-10,534.0,500,Cal,0,0,39,30,16,12
2021-08-11,895.0,500,Cal,0,0,72,30,15,12
2021-08-12,797.0,500,Cal,0,0,71,30,15,12
2021-08-13,594.0,500,Cal,0,0,50,30,13,12
2021-08-14,959.0,500,Cal,0,0,81,30,13,12
2021-08-15,1252.0,500,Cal,0,0,113,30,13,12
2021-08-16,767.0,500,Cal,0,0,74,30,14,12
2021-08-17,832.0,500,Cal,0,0,75,30,13,12
2021-08-18,598.0,500,Cal,0,0,40,30,11,12
2021-08-19,988.0,500,Cal,0,0,111,30,15,12
2021-08-20,708.0,500,Cal,0,0,62,30,13,12
2021-08-21,805.0,500,Cal,0,0,65,30,13,12
2021-08-22,539.0,500,Cal,0,0,36,30,13,12
2021-08-23,1446.0,500,Cal,0,0,157,30,13,12
2021-08-24,1047.0,500,Cal,0,0,90,30,11,12
2021-08-25,960.0,500,Cal,0,0,98,30,13,12
2021-08-26,1341.0,500,Cal,0,0,150,30,16,12
2021-08-27,722.0,500,Cal,0,0,70,30,16,12
2021-08-28,1275.0,500,Cal,0,0,120,30,15,12
2021-08-29,765.0,500,Cal,0,0,85,30,11,12
2021-08-30,983.0,500,Cal,0,0,96,30,13,12
2021-08-31,860.0,500,Cal,0,0,71,30,15,12
2021-09-01,1424.0,500,Cal,0,0,139,30,15,12
2021-09-02,621.0,500,Cal,0,0,57,30,15,12
2021-09-03,993.0,500,Cal,0,0,98,30,12,12
2021-09-04,1756.0,500,Cal,0,0,232,30,16,12
2021-09-05,614.0,500,Cal,0,0,52,30,15,12
2021-09-06,1220.0,500,Cal,0,0,143,30,11,12
2021-09-07,928.0,500,Cal,0,0,106,30,14,12
2021-09-08,1048.0,500,Cal,0,0,97,30,17,12
2021-09-09,537.0,500,Cal,0,0,38,30,10,12
2021-09-10,809.0,500,Cal,0,0,82,30,15,12
2021-09-11,996.0,500,Cal,0,0,98,30,15,12
2021-09-12,956.0,500,Cal,0,0,105,30,11,12
2021-09-13,1380.0,550,Cal,0,0,161,30,16,12
2021-09-14,738.0,550,Cal,0,0,58,30,15,12
2021-09-15,1351.0,550,Cal,0,0,135,30,17,12
2021-09-16,922.0,550,Cal,0,0,92,30,17,12
2021-09-17,822.0,550,Cal,0,0,68,30,14,12
2021-09-18,1214.0,550,Cal,0,0,127,30,14,12
2021-09-19,623.0,550,Cal,0,0,47,30,12,12
2021-09-20,1115.0,500,Cal,0,0,136,30,17,12
2021-09-21,965.0,500,Cal,0,0,94,30,15,12
2021-09-22,804.0,500,Cal,0,0,73,30,14,12
2021-09-23,587.0,500,Cal,0,0,52,30,12,12
2021-09-24,589.0,500,Cal,0,0,33,30,12,12
2021-09-25,976.0,500,Cal,0,0,80,30,14,12
2021-09-26,702.0,500,Cal,0,0,62,30,10,12
2021-09-27,1393.0,500,Cal,0,0,154,30,13,12
2021-09-28,867.0,500,Cal,0,0,85,30,15,12
2021-09-29,1203.0,500,Cal,0,0,122,30,15,12
2021-09-30,925.0,500,Cal,0,0,106,30,14,12
2021-10-01,1050.0,500,Cal,0,0,84,30,16,12
2021-10-02,899.0,500,Cal,0,0,88,30,15,12
2021-10-03,962.0,500,Cal,0,0,99,30,12,12
2021-10-04,1148.0,500,Cal,0,0,110,30,16,12
2021-10-05,1329.0,500,Cal,0,0,155,30,15,12
2021-10-06,1407.0,500,Cal,0,0,142,30,15,12
2021-10-07,979.0,500,Cal,0,0,78,30,16,12
2021-10-08,953.0,500,Cal,0,0,92,30,13,12
2021-10-09,1304.0,500,Cal,0,0,130,30,15,12
2021-10-10,517.0,500,Cal,0,0,32,30,12,12
2021-10-11,1320.0,500,Cal,0,0,131,30,14,12
2021-10-12,1539.0,500,Cal,0,0,171,30,16,12
2021-10-13,876.0,500,Cal,0,0,87,30,9,12
2021-10-14,776.0,500,Cal,0,0,50,30,12,12
2021-10-15,846.0,500,Cal,0,0,68,30,13,12
2021-10-16,1260.0,500,Cal,0,0,130,30,11,12
2021-10-17,635.0,500,Cal,0,0,58,30,13,12
2021-10-18,1764.0,500,Cal,0,0,180,30,15,12
2021-10-19,766.0,500,Cal,0,0,71,30,10,12
2021-10-20,1713.0,500,Cal,0,0,193,30,13,12
2021-10-21,1042.0,500,Cal,0,0,88,30,17,12
2021-10-22,1486.0,500,Cal,0,0,153,30,15,12
2021-10-23,1515.0,500,Cal,0,0,145,30,13,12
2021-10-24,1704.0,500,Cal,0,0,175,30,10,12
2021-10-25,663.0,500,Cal,0,0,45,30,12,12
2021-10-26,571.0,500,Cal,0,0,32,30,8,12
2021-10-27,1392.0,500,Cal,0,0,145,30,12,12
2021-10-28,888.0,500,Cal,0,0,80,30,8,12
2021-10-29,1172.0,500,Cal,0,0,115,30,11,12
2021-10-30,899.0,500,Cal,0,0,90,30,10,12
2021-10-31,863.0,500,Cal,0,0,75,30,10,12
2021-11-01,1380.0,500,Cal,0,0,121,30,12,12
2021-11-02,697.0,500,Cal,0,0,53,30,14,12
2021-11-03,895.0,500,Cal,0,0,100,30,11,12
2021-11-04,809.0,500,Cal,0,0,54,30,13,12
2021-11-05,748.0,500,Cal,0,0,83,30,14,12
2021-11-06,827.0,500,Cal,0,0,49,30,13,12
2021-11-07,650.0,500,Cal,0,0,53,30,12,12
2021-11-08,1090.0,500,Cal,0,0,113,30,14,12
2021-11-09,750.0,500,Cal,0,0,46,30,13,12
2021-11-10,865.0,500,Cal,0,0,73,30,14,12
2021-11-11,917.0,500,Cal,0,0,62,30,15,12
2021-11-12,524.0,500,Cal,0,0,32,30,12,12
2021-11-13,507.0,500,Cal,0,0,27,30,9,12
2021-11-14,1022.0,500,Cal,0,0,99,30,12,12
2021-11-15,953.0,500,Cal,0,0,103,30,14,12
2021-11-16,589.0,500,Cal,0,0,46,30,11,12
2021-11-17,932.0,500,Cal,0,0,111,30,16,12
2021-11-18,823.0,500,Cal,0,0,72,30,8,12
2021-11-19,715.0,500,Cal,0,0,62,30,13,12
2021-11-20,844.0,500,Cal,0,0,66,30,13,12
2021-11-21,306.0,500,Cal,0,0,0,30,10,12
2021-11-22,802.0,500,Cal,0,0,67,30,16,12
2021-11-23,622.0,500,Cal,0,0,23,30,18,12
2021-11-24,518.0,500,Cal,0,0,17,30,14,12
2021-11-25,419.0,500,Cal,0,0,8,30,12,12
2021-11-26,695.0,500,Cal,0,0,44,30,13,12
2021-11-27,418.0,500,Cal,0,0,9,30,16,12
2021-11-28,516.0,500,Cal,0,0,17,30,11,12
2021-11-29,637.0,500,Cal,0,0,60,30,11,12
2021-11-30,673.0,500,Cal,0,0,60,30,14,12
2021-12-01,498.0,500,Cal,0,0,17,30,16,12
2021-12-02,628.0,500,Cal,0,0,25,30,14,12
2021-12-03,796.0,500,Cal,0,0,65,30,14,12
2021-12-04,622.0,500,Cal,0,0,24,30,12,12
2021-12-05,1117.0,500,Cal,0,0,131,30,15,12
2021-12-06,968.0,500,Cal,0,0,118,30,11,12
2021-12-07,616.0,500,Cal,0,0,52,30,11,12
2021-12-08,1108.0,500,Cal,0,0,123,30,15,12
2021-12-09,639.0,500,Cal,0,0,47,30,13,12
2021-12-10,538.0,500,Cal,0,0,23,30,15,12
2021-12-11,701.0,500,Cal,0,0,63,30,12,12
2021-12-12,310.0,500,Cal,0,0,1,30,8,12
2021-12-13,800.0,500,Cal,0,0,70,30,14,12
2021-12-14,772.0,500,Cal,0,0,63,30,15,12
2021-12-15,300.0,500,Cal,0,0,1,30,10,12
2021-12-16,574.0,500,Cal,0,0,25,30,14,12
2021-12-17,462.0,500,Cal,0,0,23,30,12,12
2021-12-18,686.0,500,Cal,0,0,62,30,15,12
2021-12-19,657.0,500,Cal,0,0,35,30,15,12
2021-12-20,637.0,500,Cal,0,0,39,30,17,12
2021-12-21,784.0,500,Cal,0,0,68,30,12,12
2021-12-22,818.0,500,Cal,0,0,51,30,15,12
2021-12-23,664.0,500,Cal,0,0,53,30,12,12
2021-12-24,486.0,500,Cal,0,0,13,30,13,12
2021-12-25,408.0,500,Cal,0,0,19,30,14,12
2021-12-26,928.0,500,Cal,0,0,74,30,12,12
2021-12-27,762.0,500,Cal,0,0,67,30,13,12
2021-12-28,763.0,500,Cal,0,0,58,30,13,12
2021-12-29,507.0,500,Cal,0,0,17,30,15,12
2021-12-30,367.0,500,Cal,0,0,5,30,13,12
2021-12-31,700.0,500,Cal,0,0,42,30,17,12
2022-01-01,329.0,500,Cal,0,0,7,30,15,12
2022-01-02,340.0,500,Cal,0,0,7,30,12,12
2022-01-03,384.0,500,Cal,0,0,16,30,11,12
2022-01-04,429.0,500,Cal,0,0,10,30,15,12
2022-01-05,535.0,500,Cal,0,0,20,30,15,12
2022-01-06,426.0,500,Cal,0,0,10,30,13,12
2022-01-07,480.0,500,Cal,0,0,15,30,16,12
2022-01-08,1174.0,500,Cal,0,0,97,30,13,12
2022-01-09,1084.0,500,Cal,0,0,81,30,14,12
2022-01-10,297.0,500,Cal,0,0,4,30,8,12
2022-01-11,452.0,500,Cal,0,0,14,30,15,12
2022-01-12,502.0,500,Cal,0,0,14,30,14,12
2022-01-13,474.0,500,Cal,0,0,19,30,13,12
2022-01-14,673.0,500,Cal,0,0,49,30,15,12
2022-01-15,854.0,500,Cal,0,0,88,30,17,12
2022-01-16,1001.0,500,Cal,0,0,97,30,19,12
2022-01-17,713.0,500,Cal,0,0,30,30,16,12
2022-01-18,452.0,500,Cal,0,0,19,30,13,12
2022-01-19,753.0,500,Cal,0,0,56,30,16,12
2022-01-20,693.0,500,Cal,0,0,62,30,17,12
2022-01-21,836.0,500,Cal,0,0,50,30,12,12
2022-01-22,416.0,500,Cal,0,0,17,30,13,12
2022-01-23,840.0,500,Cal,0,0,90,30,13,12
2022-01-24,1021.0,500,Cal,0,0,73,30,16,12
2022-01-25,639.0,500,Cal,0,0,57,30,11,12
2022-01-26,462.0,500,Cal,0,0,30,30,15,12
2022-01-27,687.0,500,Cal,0,0,52,30,11,12
2022-01-28,682.0,500,Cal,0,0,59,30,15,12
2022-01-29,583.0,500,Cal,0,0,44,30,16,12
2022-01-30,451.0,500,Cal,0,0,27,30,12,12
2022-01-31,760.0,500,Cal,0,0,44,30,15,12
2022-02-01,983.0,500,Cal,0,0,120,30,11,12
2022-02-02,756.0,500,Cal,0,0,60,30,12,12
2022-02-03,1011.0,500,Cal,0,0,74,30,12,12
2022-02-04,639.0,500,Cal,0,0,51,30,13,12
2022-02-05,556.0,500,Cal,0,0,37,30,14,12
2022-02-06,613.0,500,Cal,0,0,47,30,13,12
2022-02-07,742.0,500,Cal,0,0,76,30,14,12
2022-02-08,1007.0,500,Cal,0,0,108,30,15,12
2022-02-09,1407.0,500,Cal,0,0,136,30,19,12
2022-02-10,791.0,500,Cal,0,0,73,30,16,12
2022-02-11,965.0,500,Cal,0,0,113,30,15,12
2022-02-12,810.0,500,Cal,0,0,84,30,16,12
2022-02-13,607.0,500,Cal,0,0,67,30,9,12
2022-02-14,862.0,500,Cal,0,0,55,30,12,12
2022-02-15,934.0,500,Cal,0,0,108,30,13,12
2022-02-16,634.0,500,Cal,0,0,45,30,15,12
2022-02-17,1362.0,500,Cal,0,0,149,30,16,12
2022-02-18,704.0,500,Cal,0,0,57,30,16,12
2022-02-19,523.0,500,Cal,0,0,26,30,13,12
2022-02-20,564.0,500,Cal,0,0,42,30,14,12
2022-02-21,1044.0,500,Cal,0,0,92,30,15,12
2022-02-22,553.0,500,Cal,0,0,39,30,16,12
2022-02-23,551.0,500,Cal,0,0,33,30,12,12
2022-02-24,641.0,500,Cal,0,0,43,30,18,12
2022-02-25,870.0,500,Cal,0,0,56,30,14,12
2022-02-26,618.0,500,Cal,0,0,42,30,16,12
2022-02-27,519.0,500,Cal,0,0,35,30,13,12
2022-02-28,847.0,500,Cal,0,0,80,30,19,12
2022-03-01,733.0,500,Cal,0,0,71,30,16,12
2022-03-02,739.0,500,Cal,0,0,61,30,15,12
2022-03-03,656.0,500,Cal,0,0,32,30,14,12
2022-03-04,560.0,500,Cal,0,0,17,30,17,12
2022-03-05,687.0,500,Cal,0,0,54,30,14,12
2022-03-06,515.0,500,Cal,0,0,35,30,16,12
2022-03-07,1010.0,500,Cal,0,0,94,30,15,12
2022-03-08,995.0,500,Cal,0,0,109,30,11,12
2022-03-09,576.0,500,Cal,0,0,20,30,17,12
2022-03-10,760.0,500,Cal,0,0,72,30,15,12
2022-03-11,874.0,500,Cal,0,0,66,30,17,12
2022-03-12,754.0,500,Cal,0,0,58,30,14,12
2022-03-13,590.0,500,Cal,0,0,33,30,14,12
2022-03-14,634.0,500,Cal,0,0,45,30,16,12
2022-03-15,423.0,500,Cal,0,0,21,30,15,12
2022-03-16,664.0,500,Cal,0,0,54,30,14,12
2022-03-17,624.0,500,Cal,0,0,34,30,17,12
2022-03-18,804.0,500,Cal,0,0,71,30,13,12
2022-03-19,691.0,500,Cal,0,0,46,30,15,12
2022-03-20,641.0,500,Cal,0,0,49,30,15,12
2022-03-21,774.0,500,Cal,0,0,56,30,16,12
2022-03-22,1010.0,500,Cal,0,0,135,30,14,12
2022-03-23,413.0,500,Cal,0,0,10,30,14,12
2022-03-24,644.0,500,Cal,0,0,64,30,15,12
2022-03-25,1015.0,500,Cal,0,0,114,30,12,12
2022-03-26,743.0,500,Cal,0,0,73,30,13,12
2022-03-27,1262.0,500,Cal,0,0,151,30,15,12
2022-03-28,888.0,500,Cal,0,0,108,30,14,12
2022-03-29,635.0,500,Cal,0,0,69,30,10,12
2022-03-30,549.0,500,Cal,0,0,39,30,13,12
2022-03-31,699.0,500,Cal,0,0,80,30,13,12
2022-04-01,796.0,500,Cal,0,0,86,30,17,12
